player,nba_id,season,GP,MIN,PPG,APG,RPG,FGM,FGA,FTM,FTA,TS_pct
Kareem Abdul-Jabbar,76003,1969-70,10,43.5,35.2,4.1,16.8,13.9,24.5,7.4,10.1,0.6080707573244888
Kareem Abdul-Jabbar,76003,1970-71,14,41.2,26.6,2.5,17.0,10.9,21.1,4.9,7.2,0.5480468106148014
Kareem Abdul-Jabbar,76003,1971-72,11,46.4,28.7,5.1,18.2,12.6,28.9,3.5,4.9,0.4620685213807316
Kareem Abdul-Jabbar,76003,1972-73,6,46.0,22.8,2.8,16.2,9.8,23.0,3.2,5.8,0.4461490294301816
Kareem Abdul-Jabbar,76003,1973-74,16,47.4,32.2,4.9,15.8,14.0,25.1,4.2,5.7,0.5831643002028398
Kareem Abdul-Jabbar,76003,1976-77,11,42.5,34.6,4.1,17.7,13.4,22.0,7.9,10.9,0.645618749067025
Kareem Abdul-Jabbar,76003,1977-78,3,44.7,27.0,3.7,13.7,12.7,24.3,1.7,3.0,0.5269320843091335
Kareem Abdul-Jabbar,76003,1978-79,8,45.9,28.5,4.8,12.6,11.0,19.0,6.5,7.8,0.635253209700428
Kareem Abdul-Jabbar,76003,1979-80,15,41.2,31.9,3.1,12.1,13.2,23.1,5.5,7.0,0.6092436974789915
Kareem Abdul-Jabbar,76003,1980-81,3,44.7,26.7,4.0,16.7,10.0,21.7,6.7,9.3,0.5176023573200992
Kareem Abdul-Jabbar,76003,1981-82,14,35.2,20.4,3.6,8.5,8.2,15.8,3.9,6.2,0.5505181347150258
Kareem Abdul-Jabbar,76003,1982-83,15,39.2,27.1,2.8,7.7,10.9,19.1,5.3,7.1,0.6097012239020878
Kareem Abdul-Jabbar,76003,1983-84,21,36.5,23.9,3.8,8.2,9.8,17.7,4.3,5.7,0.5913499604117182
Kareem Abdul-Jabbar,76003,1984-85,19,32.1,21.9,4.0,8.1,8.8,15.8,4.2,5.4,0.6024427816901408
Kareem Abdul-Jabbar,76003,1985-86,14,34.9,25.9,3.5,5.9,11.2,20.1,3.4,4.4,0.587674714104193
Kareem Abdul-Jabbar,76003,1986-87,18,31.1,19.2,2.0,6.8,6.9,13.0,5.4,6.8,0.6003001500750375
Kareem Abdul-Jabbar,76003,1987-88,24,29.9,14.1,1.5,5.5,5.9,12.7,2.3,3.0,0.5028530670470757
Kareem Abdul-Jabbar,76003,1988-89,15,23.4,11.1,1.3,3.9,4.5,9.8,2.1,2.9,0.5010834236186349
Ray Allen,951,1998-99,3,40.0,22.3,4.3,7.3,8.3,15.7,2.7,4.3,0.6338108231014098
Ray Allen,951,1999-00,5,37.2,22.0,2.6,6.6,8.0,18.0,4.0,4.4,0.5517656500802568
Ray Allen,951,2000-01,18,42.7,25.1,6.0,4.1,8.8,18.4,4.4,4.8,0.6118369734789392
Ray Allen,951,2004-05,11,39.6,26.5,3.9,4.3,9.3,19.5,5.1,5.7,0.6020537986186841
Ray Allen,951,2007-08,26,38.0,15.6,2.7,3.8,5.1,12.0,3.2,3.5,0.5760709010339734
Ray Allen,951,2008-09,14,40.4,18.3,2.6,3.9,5.9,14.7,3.9,4.1,0.5544110518662143
Ray Allen,951,2009-10,24,38.5,16.1,2.6,3.3,5.5,12.7,2.9,3.3,0.5688241944601471
Ray Allen,951,2010-11,9,40.1,18.9,2.4,3.8,6.3,12.1,2.7,2.8,0.7088208820882088
Ray Allen,951,2011-12,18,34.2,10.7,1.0,4.1,3.7,9.3,1.8,2.5,0.5144230769230769
Ray Allen,951,2012-13,23,24.9,10.2,1.3,2.8,3.2,7.5,2.0,2.3,0.5991541353383458
Ray Allen,951,2013-14,20,26.4,9.3,1.6,3.4,3.0,7.2,1.7,1.9,0.5786460925833748
Giannis Antetokounmpo,203507,2014-15,6,33.5,11.5,2.7,7.0,4.3,11.8,2.8,3.8,0.4268111638954869
Giannis Antetokounmpo,203507,2016-17,6,40.5,24.8,4.0,9.5,10.0,18.7,4.2,7.7,0.5613908004346251
Giannis Antetokounmpo,203507,2017-18,7,40.0,25.7,6.3,9.6,9.9,17.3,5.4,7.9,0.6185021178282634
Giannis Antetokounmpo,203507,2018-19,15,34.3,25.5,4.9,12.2,8.6,17.4,7.1,11.2,0.5710318882121104
Giannis Antetokounmpo,203507,2019-20,9,30.8,26.7,5.7,13.8,10.0,17.9,5.2,9.0,0.610704483074108
Giannis Antetokounmpo,203507,2020-21,21,38.1,30.2,5.1,12.8,11.9,20.9,5.8,9.8,0.5989211486593685
Giannis Antetokounmpo,203507,2021-22,12,37.3,31.7,6.8,14.2,11.7,23.8,7.6,11.2,0.5517265385686438
Giannis Antetokounmpo,203507,2022-23,3,30.3,23.3,5.3,11.0,9.3,17.7,4.7,10.3,0.5240194314501619
Giannis Antetokounmpo,203507,2024-25,5,37.6,33.0,6.6,15.4,12.0,19.8,8.8,12.6,0.6510416666666666
Carmelo Anthony,2546,2003-04,4,35.8,15.0,2.8,8.3,5.3,16.0,4.0,5.0,0.4120879120879121
Carmelo Anthony,2546,2004-05,5,36.0,19.2,2.0,5.4,7.0,16.6,5.2,6.4,0.4944375772558714
Carmelo Anthony,2546,2005-06,5,38.6,21.0,2.8,6.6,6.6,19.8,7.8,10.4,0.4307515589104037
Carmelo Anthony,2546,2006-07,5,42.0,26.8,1.2,8.6,9.4,19.6,6.2,7.8,0.5817992358457797
Carmelo Anthony,2546,2007-08,4,36.5,22.5,2.0,9.5,8.0,22.0,6.0,7.3,0.4462160875773441
Carmelo Anthony,2546,2008-09,16,38.3,27.2,4.1,5.8,9.1,20.1,7.4,9.0,0.5652535328345801
Carmelo Anthony,2546,2009-10,6,42.3,30.7,3.3,8.5,10.7,23.0,8.3,9.5,0.5647534952170714
Carmelo Anthony,2546,2010-11,4,39.0,26.0,4.8,10.3,8.3,22.0,7.3,8.5,0.505050505050505
Carmelo Anthony,2546,2011-12,5,40.8,27.8,2.2,8.2,10.4,24.8,6.2,8.2,0.48929878907350044
Carmelo Anthony,2546,2012-13,12,40.1,28.8,1.6,6.6,10.5,25.8,6.4,7.3,0.4963463394457466
Carmelo Anthony,2546,2017-18,6,32.3,11.8,0.3,5.7,4.5,12.0,1.8,2.5,0.450381679389313
Carmelo Anthony,2546,2019-20,5,35.2,15.2,2.0,5.0,5.6,13.6,2.4,2.8,0.5124056094929882
Carmelo Anthony,2546,2020-21,6,23.8,12.3,1.5,3.2,4.2,10.0,1.7,1.8,0.5698665678280208
Nate Archibald,76054,1974-75,6,40.3,20.2,5.3,1.8,7.2,19.7,5.8,7.2,0.4416652090257128
Nate Archibald,76054,1979-80,9,36.9,14.2,7.9,1.2,5.0,9.9,4.1,4.7,0.5932486631016043
Nate Archibald,76054,1980-81,17,37.1,15.6,6.3,1.6,5.6,12.4,4.5,5.5,0.5263157894736842
Nate Archibald,76054,1981-82,8,34.6,10.6,6.5,2.1,3.8,8.8,3.1,3.5,0.5125725338491296
Nate Archibald,76054,1982-83,7,23.0,9.6,6.3,1.4,3.1,9.7,3.1,4.1,0.4172461752433936
Paul Arizin,76056,1950-51,2,,20.5,1.5,10.0,7.0,13.5,6.5,8.0,0.6022326674500588
Paul Arizin,76056,1951-52,3,40.0,25.7,2.7,12.7,8.0,17.7,9.7,11.0,0.570097604259095
Paul Arizin,76056,1955-56,10,40.9,28.9,2.9,8.4,10.3,22.9,8.3,9.9,0.5301584972116231
Paul Arizin,76056,1956-57,2,11.0,4.5,0.5,4.0,1.5,4.0,1.5,2.5,0.44117647058823534
Paul Arizin,76056,1957-58,8,38.6,23.5,2.0,7.8,8.3,21.1,7.0,9.0,0.4688747007182761
Paul Arizin,76056,1959-60,9,41.2,26.3,3.7,9.6,9.3,21.7,7.7,8.8,0.5142343187861724
Paul Arizin,76056,1960-61,3,41.7,22.3,4.0,8.7,7.3,22.3,7.7,11.0,0.41083271923360354
Paul Arizin,76056,1961-62,12,38.3,23.2,2.2,6.7,7.9,21.1,7.3,8.5,0.466988727858293
Charles Barkley,787,1984-85,13,31.4,14.9,2.0,11.1,5.8,10.7,3.1,4.8,0.5814861067748985
Charles Barkley,787,1985-86,12,41.4,25.0,5.6,15.8,8.7,15.0,7.6,10.9,0.6314406950899172
Charles Barkley,787,1986-87,5,42.0,24.6,2.4,12.6,8.6,15.0,7.2,9.0,0.6487341772151899
Charles Barkley,787,1988-89,3,45.0,27.0,5.3,11.7,9.7,15.0,7.3,10.3,0.6911734589391767
Charles Barkley,787,1989-90,10,41.9,24.7,4.3,15.5,8.8,16.2,6.5,10.8,0.5894425353188241
Charles Barkley,787,1990-91,8,40.8,24.9,6.0,10.5,9.3,15.6,6.1,9.4,0.6308269152817186
Charles Barkley,787,1992-93,24,42.8,26.6,4.3,13.6,9.6,20.1,7.0,9.1,0.5517756388981082
Charles Barkley,787,1993-94,10,42.5,27.6,4.8,13.0,11.0,21.6,4.2,5.5,0.5745212323064113
Charles Barkley,787,1994-95,10,39.0,25.7,3.2,13.4,9.1,18.2,6.6,9.0,0.5798736462093863
Charles Barkley,787,1995-96,4,41.0,25.5,3.8,13.5,7.8,17.5,9.3,11.8,0.561872025383395
Charles Barkley,787,1996-97,16,37.8,17.9,3.4,12.0,5.4,12.4,6.4,8.4,0.5560387673956262
Charles Barkley,787,1997-98,4,21.8,9.0,1.0,5.3,3.0,5.8,3.0,5.3,0.5533694048204624
Charles Barkley,787,1998-99,4,39.3,23.5,3.8,13.8,9.0,17.0,5.0,7.5,0.5788177339901478
Rick Barry,600013,1966-67,15,40.9,34.7,3.9,7.5,13.1,32.6,8.5,10.5,0.46614723267060726
Rick Barry,600013,1972-73,11,26.5,16.4,2.2,4.9,5.9,14.9,4.5,5.0,0.47953216374269
Rick Barry,600013,1974-75,17,42.7,28.2,6.1,5.5,11.1,25.1,5.9,6.5,0.5042918454935622
Rick Barry,600013,1975-76,13,40.9,24.0,6.5,6.5,9.7,22.2,4.6,5.2,0.4900359359686377
Rick Barry,600013,1976-77,10,41.5,28.4,4.7,5.9,12.2,26.2,4.0,4.4,0.5046914984361672
Rick Barry,600013,1978-79,2,32.5,12.0,4.5,4.0,4.0,12.5,4.0,4.0,0.42075736325385693
Rick Barry,600013,1979-80,6,13.2,5.5,2.5,1.0,2.0,5.5,1.0,1.0,0.4629629629629629
Elgin Baylor,76127,1958-59,13,42.8,25.5,3.3,12.0,9.4,23.3,6.7,8.7,0.46999410203479797
Elgin Baylor,76127,1959-60,9,45.3,33.4,3.4,14.1,12.3,26.0,8.8,10.4,0.5461800104657247
Elgin Baylor,76127,1960-61,12,45.0,38.1,4.6,15.3,14.2,30.2,9.8,11.8,0.5382572332730562
Elgin Baylor,76127,1961-62,13,43.9,38.6,3.6,17.7,14.3,32.7,10.0,12.9,0.5029184907233687
Elgin Baylor,76127,1962-63,13,43.2,32.6,4.5,13.6,12.3,27.8,8.0,9.7,0.5082948733940377
Elgin Baylor,76127,1963-64,5,44.2,24.2,5.6,11.6,9.0,23.8,6.2,8.0,0.44289897510980963
Elgin Baylor,76127,1964-65,1,5.0,0.0,1.0,0.0,0.0,2.0,0.0,0.0,0.0
Elgin Baylor,76127,1965-66,14,41.9,26.8,3.7,14.1,10.4,23.4,6.1,7.5,0.50187265917603
Elgin Baylor,76127,1966-67,3,40.3,23.7,3.0,13.0,9.3,25.3,5.0,6.7,0.4194987255734919
Elgin Baylor,76127,1967-68,15,42.2,28.5,4.0,14.5,11.7,25.1,5.1,7.5,0.5017605633802816
Elgin Baylor,76127,1968-69,18,35.6,15.4,4.1,9.2,5.9,15.4,3.5,5.4,0.43316831683168316
Elgin Baylor,76127,1969-70,18,37.1,18.7,4.6,9.6,7.7,16.4,3.3,4.5,0.5087051142546246
Dave Bing,76166,1967-68,6,42.3,28.2,4.8,4.0,11.3,27.7,5.5,7.5,0.45483870967741935
Dave Bing,76166,1973-74,7,44.6,18.9,6.0,3.7,7.9,18.7,3.1,4.3,0.4589160839160839
Dave Bing,76166,1974-75,3,44.7,16.0,9.7,3.7,6.7,15.7,2.7,4.3,0.45475216007276037
Dave Bing,76166,1975-76,7,29.9,13.7,4.0,2.6,4.9,10.9,4.0,5.0,0.5229007633587786
Dave Bing,76166,1976-77,8,6.9,4.0,0.6,0.8,1.8,4.0,0.5,0.5,0.47393364928909953
Larry Bird,1449,1979-80,9,41.3,21.3,4.7,11.2,9.2,19.7,2.4,2.8,0.5087903688133003
Larry Bird,1449,1980-81,17,44.1,21.9,6.1,14.0,8.6,18.4,4.5,5.0,0.5315533980582524
Larry Bird,1449,1981-82,12,40.8,17.8,5.6,12.5,7.3,17.2,3.1,3.8,0.4715981348028826
Larry Bird,1449,1982-83,6,40.0,20.5,6.8,12.5,8.2,19.3,4.0,4.8,0.47870353073043154
Larry Bird,1449,1983-84,23,41.8,27.5,5.9,11.0,10.0,19.0,7.3,8.3,0.6070104185060922
Larry Bird,1449,1984-85,20,40.8,26.0,5.8,9.1,9.8,21.3,6.1,6.8,0.5351556067841264
Larry Bird,1449,1985-86,18,42.8,25.9,8.2,9.3,9.5,18.4,5.6,6.1,0.6142098273572377
Larry Bird,1449,1986-87,23,44.1,27.0,7.2,10.0,9.4,19.7,7.7,8.4,0.5770217131133527
Larry Bird,1449,1987-88,17,44.9,24.5,6.8,8.8,8.9,19.9,5.9,6.6,0.5371864585160498
Larry Bird,1449,1989-90,5,41.4,24.4,8.8,9.2,8.8,19.8,5.8,6.4,0.5394411036434382
Larry Bird,1449,1990-91,10,39.6,17.1,6.5,7.2,6.2,15.2,4.4,5.1,0.4901398761751892
Larry Bird,1449,1991-92,4,26.8,11.3,5.3,4.5,5.3,10.5,0.8,1.0,0.5164533820840951
Kobe Bryant,977,1996-97,9,14.8,8.2,1.2,1.2,2.3,6.1,2.9,3.3,0.5429025423728814
Kobe Bryant,977,1997-98,11,20.0,8.7,1.5,1.9,2.8,6.9,2.8,4.1,0.4997702205882352
Kobe Bryant,977,1998-99,8,39.4,19.8,4.6,6.9,7.6,17.8,3.5,4.4,0.5016214025131739
Kobe Bryant,977,1999-00,22,39.0,21.1,4.4,4.5,7.9,17.9,4.3,5.7,0.5169541356330851
Kobe Bryant,977,2000-01,16,43.4,29.4,6.1,7.3,10.5,22.4,7.8,9.4,0.5539644256858607
Kobe Bryant,977,2001-02,19,43.8,26.6,4.6,5.8,9.8,22.7,5.8,7.6,0.5106742435877746
Kobe Bryant,977,2002-03,12,44.3,32.1,5.2,5.1,11.4,26.4,7.2,8.7,0.5309646685192537
Kobe Bryant,977,2003-04,22,44.2,24.5,5.5,4.7,8.6,20.9,6.1,7.5,0.506198347107438
Kobe Bryant,977,2005-06,7,44.9,27.9,5.1,6.3,10.3,20.7,5.3,6.9,0.5877148634984832
Kobe Bryant,977,2006-07,5,43.0,32.8,4.4,5.2,12.0,26.0,6.8,7.4,0.5605687722176647
Kobe Bryant,977,2007-08,21,41.1,30.1,5.6,5.7,10.6,22.0,7.5,9.2,0.577779484029484
Kobe Bryant,977,2008-09,23,40.9,30.2,5.5,5.3,10.5,23.0,7.6,8.6,0.5637694145758662
Kobe Bryant,977,2009-10,23,40.1,29.2,5.5,6.0,10.2,22.2,6.7,8.0,0.5676516329704511
Kobe Bryant,977,2010-11,10,35.4,22.8,3.3,3.4,8.3,18.6,5.0,6.1,0.5356136064649502
Kobe Bryant,977,2011-12,12,39.7,30.0,4.3,4.8,11.0,25.1,6.6,7.9,0.5249160134378499
Wilt Chamberlain,76375,1959-60,9,46.1,33.2,2.1,25.8,13.9,28.0,5.4,12.2,0.49748261807719973
Wilt Chamberlain,76375,1960-61,3,48.0,37.0,2.0,23.0,15.0,32.0,7.0,12.7,0.49217835479408323
Wilt Chamberlain,76375,1961-62,12,48.0,35.0,3.1,26.6,13.5,28.9,8.0,12.6,0.5080710718847986
Wilt Chamberlain,76375,1963-64,12,46.5,34.7,3.3,25.2,14.6,26.8,5.5,11.6,0.5438189568706119
Wilt Chamberlain,76375,1964-65,11,48.7,29.3,4.4,27.2,11.2,21.1,6.9,12.4,0.5516644072902546
Wilt Chamberlain,76375,1965-66,5,48.0,28.0,3.0,30.2,11.2,22.0,5.6,13.6,0.5002858776443682
Wilt Chamberlain,76375,1966-67,15,47.9,21.7,9.0,29.1,8.8,15.2,4.1,10.7,0.5450070323488045
Wilt Chamberlain,76375,1967-68,13,48.5,23.7,6.5,24.7,9.5,17.8,4.6,12.2,0.5114813535911602
Wilt Chamberlain,76375,1968-69,18,46.2,13.9,2.6,24.7,5.3,9.8,3.2,8.2,0.5183472553699283
Wilt Chamberlain,76375,1969-70,18,47.3,22.1,4.5,22.2,8.8,16.0,4.6,11.2,0.5280007645259939
Wilt Chamberlain,76375,1970-71,12,46.2,18.3,4.4,20.2,7.1,15.6,4.2,8.1,0.4774577332498434
Wilt Chamberlain,76375,1971-72,15,46.9,14.7,3.3,21.0,5.3,9.5,4.0,8.1,0.5626148193508879
Wilt Chamberlain,76375,1972-73,17,47.1,10.4,3.5,22.5,3.8,6.8,2.9,5.8,0.5560307955517536
Bob Cousy,600003,1950-51,2,,14.0,6.0,7.5,4.5,21.0,5.0,6.0,0.2961082910321489
Bob Cousy,600003,1951-52,3,46.0,31.0,6.3,4.0,8.7,21.7,13.7,14.7,0.5502698097131496
Bob Cousy,600003,1952-53,6,45.0,25.5,6.2,4.2,7.7,20.0,10.2,12.2,0.5026017029328288
Bob Cousy,600003,1953-54,6,43.3,21.0,6.3,5.3,5.5,19.3,10.0,12.5,0.42338709677419356
Bob Cousy,600003,1954-55,7,42.7,21.7,9.3,6.1,7.6,19.9,6.6,6.9,0.4730554586675968
Bob Cousy,600003,1955-56,3,41.3,26.3,8.7,8.0,9.3,18.7,7.7,8.3,0.5883142448103078
Bob Cousy,600003,1956-57,10,44.0,20.2,9.3,6.1,6.7,20.7,6.8,9.1,0.4088406735751295
Bob Cousy,600003,1957-58,11,41.5,18.0,7.5,6.5,6.1,17.8,5.8,6.8,0.4328587918430165
Bob Cousy,600003,1958-59,11,41.8,19.5,10.8,6.9,6.5,20.1,6.4,8.5,0.40897651006711405
Bob Cousy,600003,1959-60,13,36.0,15.3,8.9,3.7,6.2,20.2,3.0,3.9,0.34906004745391495
Bob Cousy,600003,1960-61,10,33.7,16.7,9.1,4.3,5.0,14.7,6.7,8.8,0.44960155072151625
Bob Cousy,600003,1961-62,14,33.9,16.0,8.8,4.6,6.1,17.2,3.7,5.4,0.40866366979975477
Bob Cousy,600003,1962-63,13,30.2,14.1,8.9,2.5,5.5,15.7,3.0,3.6,0.40789169173802364
Dave Cowens,76462,1971-72,11,40.1,15.5,3.0,13.8,6.5,14.2,2.5,4.3,0.4816057668406662
Dave Cowens,76462,1972-73,13,46.0,21.9,3.7,16.6,9.9,21.0,2.1,3.2,0.4886647625847911
Dave Cowens,76462,1973-74,18,42.9,20.5,3.7,13.3,8.9,20.6,2.6,3.3,0.46481044803192456
Dave Cowens,76462,1974-75,11,43.5,20.5,4.2,16.5,9.2,21.5,2.1,2.4,0.45442454335875154
Dave Cowens,76462,1975-76,18,44.3,21.0,4.6,16.4,8.7,18.9,3.7,4.8,0.49971444888635064
Dave Cowens,76462,1976-77,9,42.1,16.6,4.0,14.9,7.3,16.4,1.9,2.4,0.47548120989917514
Dave Cowens,76462,1979-80,9,33.4,12.0,2.3,7.3,5.4,11.4,1.1,1.2,0.5030181086519114
Billy Cunningham,76487,1965-66,4,17.3,5.3,2.5,4.5,1.3,7.8,2.8,3.3,0.28642455685257245
Billy Cunningham,76487,1966-67,15,22.6,15.0,2.2,6.2,5.5,14.7,3.9,6.0,0.43252595155709345
Billy Cunningham,76487,1967-68,3,28.7,20.7,3.3,7.3,8.0,14.3,4.7,5.7,0.6157782008567348
Billy Cunningham,76487,1968-69,5,43.4,24.4,2.4,12.6,9.8,23.4,4.8,7.6,0.456177086449297
Billy Cunningham,76487,1969-70,5,41.0,29.2,4.0,10.4,12.2,24.6,4.8,7.2,0.5257850763468741
Billy Cunningham,76487,1970-71,7,43.0,25.9,5.7,15.4,9.6,20.3,6.7,9.6,0.5280541510357201
Stephen Curry,201939,2012-13,12,41.4,23.4,8.1,3.8,8.5,19.6,2.9,3.2,0.5569306930693069
Stephen Curry,201939,2013-14,7,42.3,23.0,8.4,3.6,7.3,16.6,5.3,6.0,0.5977130977130977
Stephen Curry,201939,2014-15,21,39.3,28.3,6.4,5.0,9.5,20.9,4.6,5.5,0.6067753001715266
Stephen Curry,201939,2015-16,18,34.1,25.1,5.2,5.5,8.2,18.8,4.2,4.6,0.6026699961582789
Stephen Curry,201939,2016-17,17,35.4,28.1,6.7,6.2,8.9,18.4,6.1,6.7,0.6581412778714635
Stephen Curry,201939,2017-18,15,37.0,25.5,5.4,6.1,9.1,20.3,3.0,3.1,0.5885339734121122
Stephen Curry,201939,2018-19,22,38.5,28.2,5.7,6.0,8.6,19.6,6.7,7.1,0.6204893504664671
Stephen Curry,201939,2021-22,22,34.7,27.4,5.9,5.2,9.2,20.0,4.9,5.9,0.6063020003540449
Stephen Curry,201939,2022-23,13,37.9,30.5,6.1,5.2,11.2,23.9,3.8,4.5,0.5892581143740341
Stephen Curry,201939,2024-25,8,35.1,22.6,5.1,5.3,7.8,16.3,3.1,3.5,0.6334080717488789
Anthony Davis,203076,2014-15,4,43.0,31.5,2.0,11.0,11.8,21.8,8.0,9.0,0.6114130434782609
Anthony Davis,203076,2017-18,9,39.8,30.1,1.7,13.4,11.8,22.7,5.9,7.1,0.5827912019826519
Anthony Davis,203076,2019-20,21,36.6,27.7,3.5,9.7,9.8,17.1,7.1,8.5,0.6645873320537427
Anthony Davis,203076,2020-21,5,28.8,17.4,2.6,6.6,5.0,12.4,7.0,8.4,0.540506958250497
Anthony Davis,203076,2022-23,16,38.0,22.6,2.6,14.1,8.3,15.9,5.8,6.8,0.5981367774719458
Anthony Davis,203076,2023-24,5,41.6,27.8,4.0,15.6,11.8,18.6,4.2,5.2,0.6654538490999616
Dave DeBusschere,76545,1962-63,4,39.8,20.0,1.5,15.8,6.3,14.8,7.5,11.0,0.5091649694501018
Dave DeBusschere,76545,1967-68,6,43.8,19.3,2.2,16.2,7.5,17.7,4.3,7.5,0.45952380952380956
Dave DeBusschere,76545,1968-69,10,41.9,16.3,3.3,14.8,6.1,17.4,4.1,5.0,0.4158163265306123
Dave DeBusschere,76545,1969-70,19,36.9,16.1,2.4,11.6,6.8,16.3,2.4,3.6,0.4501230149854619
Dave DeBusschere,76545,1970-71,12,40.7,16.4,1.8,13.0,7.0,16.8,2.4,3.7,0.4449750379856739
Dave DeBusschere,76545,1971-72,16,38.5,16.6,2.3,12.1,6.8,15.1,3.0,4.0,0.4922894424673785
Dave DeBusschere,76545,1972-73,17,37.2,15.6,3.4,10.5,6.9,15.6,1.8,2.4,0.46829971181556196
Dave DeBusschere,76545,1973-74,12,33.7,12.0,3.2,8.3,5.3,13.8,1.5,2.4,0.40387722132471726
Clyde Drexler,17,1983-84,5,17.0,7.2,1.6,3.4,3.0,7.0,1.2,1.4,0.47268907563025214
Clyde Drexler,17,1984-85,9,37.7,16.7,9.2,6.1,6.1,14.9,4.2,5.0,0.4883040935672514
Clyde Drexler,17,1985-86,4,36.3,18.0,6.5,6.3,6.5,14.3,4.5,5.8,0.5340612390220745
Clyde Drexler,17,1986-87,4,38.3,24.0,3.8,7.5,9.0,19.8,5.8,7.3,0.5214670606640014
Clyde Drexler,17,1987-88,4,42.5,22.0,5.3,7.0,8.0,20.8,5.3,7.3,0.45810428119273694
Clyde Drexler,17,1988-89,3,42.7,27.7,8.3,6.7,11.7,23.7,4.3,5.7,0.528464590964591
Clyde Drexler,17,1989-90,21,40.6,21.4,7.1,7.2,8.2,18.6,4.6,5.9,0.5048122287224004
Clyde Drexler,17,1990-91,16,39.6,21.7,8.1,8.1,8.0,16.8,4.8,6.1,0.5568671730650789
Clyde Drexler,17,1991-92,21,40.3,26.3,7.0,7.4,9.4,20.2,6.6,8.1,0.5533580205352635
Clyde Drexler,17,1992-93,3,38.7,19.0,4.7,6.3,6.0,14.3,5.3,6.7,0.5507884972170686
Clyde Drexler,17,1993-94,4,39.3,21.0,5.5,10.3,7.8,18.3,4.8,5.8,0.5035488202570497
Clyde Drexler,17,1994-95,22,38.6,20.5,5.0,7.0,7.0,14.6,5.0,6.4,0.5885392742305925
Clyde Drexler,17,1995-96,8,36.5,16.6,5.0,7.8,6.1,14.8,3.3,4.3,0.49724418883297394
Clyde Drexler,17,1996-97,16,38.9,18.1,4.8,5.6,6.6,15.1,2.6,3.4,0.5453121234032298
Clyde Drexler,17,1997-98,5,36.4,15.0,4.6,5.4,4.2,13.6,5.6,7.4,0.4449454200284765
Tim Duncan,1495,1997-98,9,41.6,20.7,1.9,9.0,8.1,15.6,4.4,6.7,0.558011645460427
Tim Duncan,1495,1998-99,17,43.1,23.2,2.8,11.5,8.5,16.6,6.3,8.4,0.5715411903823413
Tim Duncan,1495,2000-01,13,40.5,24.4,3.8,14.5,9.2,18.9,5.8,9.2,0.5316367439428272
Tim Duncan,1495,2001-02,9,42.2,27.6,5.0,14.4,9.1,20.1,9.2,11.2,0.5513824516541473
Tim Duncan,1495,2002-03,24,42.5,24.7,5.3,15.4,9.1,17.2,6.5,9.7,0.5752748276504565
Tim Duncan,1495,2003-04,10,40.5,22.1,3.2,11.3,8.3,15.9,5.5,8.7,0.560117599351176
Tim Duncan,1495,2004-05,23,37.8,23.6,2.7,12.4,8.6,18.5,6.4,8.9,0.5264097073518915
Tim Duncan,1495,2005-06,13,37.9,25.8,3.3,10.5,9.3,16.2,7.2,10.1,0.6248788994380935
Tim Duncan,1495,2006-07,20,36.8,22.2,3.3,11.5,8.7,16.7,4.8,7.5,0.5549999999999999
Tim Duncan,1495,2007-08,17,39.2,20.2,3.3,14.5,7.9,17.7,4.2,6.8,0.48811134738063017
Tim Duncan,1495,2008-09,5,32.8,19.8,3.2,8.0,8.2,15.4,3.4,5.6,0.5541871921182266
Tim Duncan,1495,2009-10,10,37.3,19.0,2.6,9.9,7.8,15.0,3.3,6.9,0.5267243291195387
Tim Duncan,1495,2010-11,6,35.3,12.7,2.7,10.5,5.5,11.5,1.7,2.7,0.5004728877679697
Tim Duncan,1495,2011-12,14,33.1,17.4,2.8,9.4,7.2,14.6,2.9,4.1,0.5303584491587418
Tim Duncan,1495,2012-13,21,35.0,18.1,1.9,10.2,7.2,15.3,3.8,4.7,0.5210732381391063
Tim Duncan,1495,2013-14,23,32.7,16.3,2.0,9.2,6.5,12.4,3.3,4.3,0.570249090400224
Tim Duncan,1495,2014-15,7,35.7,17.9,3.3,11.1,7.6,12.9,2.7,4.9,0.5944473963868224
Tim Duncan,1495,2015-16,10,21.8,5.9,1.4,4.8,2.2,5.2,1.5,2.1,0.48171129980404964
Kevin Durant,201142,2009-10,6,38.5,25.0,2.3,7.7,7.2,20.5,9.0,10.3,0.49936081815276445
Kevin Durant,201142,2010-11,17,42.5,28.6,2.8,8.2,9.1,20.3,8.2,9.8,0.58101738989111
Kevin Durant,201142,2011-12,20,41.9,28.5,3.7,7.4,9.9,19.2,6.7,7.7,0.6308659465202763
Kevin Durant,201142,2012-13,11,44.1,30.8,6.3,9.0,10.2,22.4,8.5,10.2,0.5727462064861649
Kevin Durant,201142,2013-14,19,42.9,29.6,3.9,8.9,10.2,22.2,6.9,8.6,0.5695812807881774
Kevin Durant,201142,2015-16,18,40.3,28.4,3.3,7.1,9.7,22.6,7.2,8.1,0.5427304693471946
Kevin Durant,201142,2016-17,15,35.5,28.5,4.3,7.9,9.9,17.9,6.1,6.9,0.6806457776079481
Kevin Durant,201142,2017-18,21,38.4,29.0,4.7,7.8,10.1,20.7,6.5,7.2,0.6075079604491369
Kevin Durant,201142,2018-19,12,36.8,32.3,4.5,4.9,10.4,20.3,8.5,9.4,0.6609101325912587
Kevin Durant,201142,2020-21,12,40.4,34.3,4.4,9.3,12.1,23.5,7.3,8.4,0.6306074422709221
Kevin Durant,201142,2021-22,4,44.0,26.3,6.3,5.8,8.0,20.8,8.5,9.5,0.5264211369095276
Kevin Durant,201142,2022-23,11,42.4,29.0,5.5,8.7,9.7,20.4,8.0,8.7,0.5984810962522702
Kevin Durant,201142,2023-24,4,42.0,26.8,3.3,6.5,9.3,16.8,7.0,8.5,0.6523855890944499
Julius Erving,76681,1976-77,19,39.9,27.3,4.5,6.4,10.7,20.5,5.8,7.1,0.5778022350152388
Julius Erving,76681,1977-78,10,35.8,21.8,4.0,9.7,8.8,18.0,4.2,5.6,0.532642689601251
Julius Erving,76681,1978-79,9,41.3,25.4,5.9,7.8,9.9,19.1,5.7,7.4,0.568080157452138
Julius Erving,76681,1979-80,18,38.6,24.4,4.4,7.6,9.2,18.8,6.0,7.6,0.5509393063583814
Julius Erving,76681,1980-81,16,37.0,22.9,3.4,7.1,8.9,18.8,5.1,6.7,0.5264851940408313
Julius Erving,76681,1981-82,21,37.1,22.0,4.7,7.4,8.0,15.4,5.9,7.9,0.5827505827505827
Julius Erving,76681,1982-83,13,37.9,18.4,3.4,7.6,7.3,16.2,3.8,5.2,0.49762007788836
Julius Erving,76681,1983-84,5,38.8,18.2,5.0,6.4,7.2,15.2,3.8,4.4,0.5310457516339869
Julius Erving,76681,1984-85,13,33.4,17.1,3.7,5.6,6.5,14.4,4.2,4.8,0.5178052325581396
Julius Erving,76681,1985-86,12,36.1,17.7,4.2,5.8,6.8,15.0,4.0,5.4,0.5093232044198894
Julius Erving,76681,1986-87,5,36.0,18.2,3.4,5.0,6.8,16.4,4.2,5.0,0.489247311827957
Patrick Ewing,121,1987-88,4,38.3,18.8,2.5,12.8,7.0,14.3,4.8,5.5,0.5622009569377991
Patrick Ewing,121,1988-89,9,37.8,19.9,2.2,10.0,7.8,16.0,4.3,5.8,0.5363303147908581
Patrick Ewing,121,1989-90,10,39.5,29.4,3.1,10.5,11.4,21.9,6.5,7.9,0.5792875157629256
Patrick Ewing,121,1990-91,3,36.7,16.7,2.0,10.0,6.0,15.0,4.7,6.0,0.47335600907029474
Patrick Ewing,121,1991-92,12,40.2,22.7,2.3,11.1,9.1,19.9,4.5,6.1,0.5025681898689337
Patrick Ewing,121,1992-93,15,40.3,25.5,2.4,10.9,11.0,21.5,3.4,5.3,0.5349949647532729
Patrick Ewing,121,1993-94,25,41.3,21.9,2.6,11.7,8.4,19.2,4.9,6.5,0.49637352674524027
Patrick Ewing,121,1994-95,11,36.3,19.0,2.5,9.6,7.3,14.2,4.4,6.4,0.5582980724024448
Patrick Ewing,121,1995-96,8,41.0,21.5,1.9,10.6,8.1,17.1,5.1,7.9,0.5224533437013997
Patrick Ewing,121,1996-97,9,39.7,22.6,1.9,10.6,9.8,18.6,3.0,4.7,0.5467389200696728
Patrick Ewing,121,1997-98,4,33.0,14.0,1.3,8.0,5.0,14.0,4.0,6.8,0.4119585687382297
Patrick Ewing,121,1998-99,11,31.5,13.1,0.5,8.7,5.3,12.3,2.5,3.3,0.4762943571844095
Patrick Ewing,121,1999-00,14,32.9,14.6,0.4,9.5,5.1,12.1,4.4,6.4,0.48940734781442746
Patrick Ewing,121,2001-02,4,16.8,6.5,1.0,5.5,2.0,6.3,2.5,4.3,0.396728515625
Walt Frazier,76750,1967-68,4,29.8,9.5,6.3,5.5,3.0,8.3,3.5,4.5,0.4620622568093385
Walt Frazier,76750,1968-69,10,41.5,21.2,9.1,7.4,8.9,17.7,3.4,5.7,0.5245447347585115
Walt Frazier,76750,1969-70,19,43.9,16.0,8.2,7.8,6.2,13.0,3.6,4.7,0.5309264666843643
Walt Frazier,76750,1970-71,12,41.8,22.6,4.5,5.8,9.0,17.0,4.6,6.3,0.5715152741250253
Walt Frazier,76750,1971-72,16,44.0,24.3,6.1,7.0,9.3,17.3,5.8,7.8,0.58605054987459
Walt Frazier,76750,1972-73,17,45.0,21.9,6.2,7.3,8.8,17.2,4.3,5.5,0.5581039755351682
Walt Frazier,76750,1973-74,12,40.9,22.5,4.0,7.9,9.4,18.8,3.7,4.1,0.5460104834012813
Walt Frazier,76750,1974-75,3,41.3,23.7,7.0,6.7,9.7,15.3,4.3,5.3,0.672073502722323
Kevin Garnett,708,1996-97,3,41.7,17.3,3.7,9.3,8.0,17.0,1.0,1.0,0.4959862385321101
Kevin Garnett,708,1997-98,5,38.8,15.8,4.0,9.6,7.2,15.0,1.4,1.8,0.5002532928064843
Kevin Garnett,708,1998-99,4,42.5,21.8,3.8,12.0,8.8,19.8,4.3,5.8,0.4876521116678597
Kevin Garnett,708,1999-00,4,42.8,18.8,8.8,10.8,7.5,19.5,3.3,4.0,0.44214487300094074
Kevin Garnett,708,2000-01,4,41.3,21.0,4.3,12.0,6.8,14.5,7.5,9.0,0.5687973997833152
Kevin Garnett,708,2001-02,3,43.3,24.0,5.0,18.7,8.0,18.7,7.7,10.7,0.5126452494873548
Kevin Garnett,708,2002-03,6,44.2,27.0,5.2,15.7,11.8,23.0,2.8,4.7,0.5385351842987075
Kevin Garnett,708,2003-04,18,43.5,24.3,5.1,14.6,9.3,20.7,5.4,6.9,0.5118806875631952
Kevin Garnett,708,2007-08,26,38.0,20.4,3.3,10.5,8.3,16.8,3.6,4.5,0.5431309904153354
Kevin Garnett,708,2009-10,23,33.3,15.0,2.5,7.4,6.5,13.1,2.0,2.4,0.5298106809833286
Kevin Garnett,708,2010-11,9,36.4,14.9,2.6,10.9,6.2,14.1,2.4,3.2,0.4803972143409853
Kevin Garnett,708,2011-12,20,36.9,19.2,1.5,10.3,8.0,16.0,3.3,4.0,0.5405405405405405
Kevin Garnett,708,2012-13,6,35.3,12.7,3.5,13.7,5.0,10.0,2.7,2.8,0.5653490028490028
Kevin Garnett,708,2013-14,12,20.8,6.9,1.3,6.3,2.8,5.3,1.4,1.9,0.5622555410691004
George Gervin,76804,1976-77,2,31.0,25.0,1.5,5.5,9.5,22.0,6.0,7.5,0.49407114624505927
George Gervin,76804,1977-78,6,37.8,33.2,3.2,5.7,13.0,23.7,7.2,9.3,0.5972941853770869
George Gervin,76804,1978-79,14,36.6,28.6,2.5,5.9,11.3,21.1,6.0,7.4,0.5871243225488586
George Gervin,76804,1979-80,3,40.7,33.3,4.0,6.7,12.3,24.7,8.7,10.0,0.5721649484536082
George Gervin,76804,1980-81,7,39.1,27.1,3.4,5.0,11.0,22.0,5.1,6.4,0.5460186976144423
George Gervin,76804,1981-82,9,41.4,29.4,4.6,7.3,11.4,25.3,6.6,7.9,0.5108423686405338
George Gervin,76804,1982-83,11,39.7,25.2,3.4,6.7,9.8,18.9,5.5,6.3,0.5813953488372093
George Gervin,76804,1984-85,5,36.6,22.2,2.8,3.6,8.4,15.8,5.4,6.8,0.590676883780332
George Gervin,76804,1985-86,2,5.5,0.0,0.5,0.5,0.0,0.5,0.0,0.0,0.0
Hal Greer,76882,1958-59,9,30.8,11.6,2.2,5.2,4.3,10.3,2.9,3.6,0.48805116122517667
Hal Greer,76882,1959-60,3,28.0,15.7,3.3,4.7,7.3,14.3,1.0,1.3,0.5278375470683163
Hal Greer,76882,1960-61,8,29.0,14.4,2.4,4.1,5.1,13.3,4.1,5.0,0.4645161290322581
Hal Greer,76882,1961-62,1,5.0,0.0,0.0,0.0,0.0,0.0,0.0,0.0,
Hal Greer,76882,1962-63,5,42.8,23.4,4.2,5.4,8.8,17.4,5.8,7.0,0.5712890625
Hal Greer,76882,1963-64,5,42.2,21.4,6.0,5.6,7.4,19.0,6.6,7.8,0.4769971469329529
Hal Greer,76882,1964-65,11,45.9,24.6,5.0,7.4,9.2,20.2,6.3,7.9,0.5195134313228587
Hal Greer,76882,1965-66,5,45.2,16.4,4.2,7.2,6.4,18.2,3.6,4.6,0.4054588607594936
Hal Greer,76882,1966-67,15,45.9,27.7,5.3,5.9,10.7,25.0,6.3,7.9,0.4863744907992696
Hal Greer,76882,1967-68,13,42.5,25.8,4.2,6.1,9.2,21.4,7.3,8.5,0.513126491646778
Hal Greer,76882,1968-69,5,40.8,16.0,4.6,6.0,5.2,16.2,5.6,7.2,0.4130524576621231
Hal Greer,76882,1969-70,5,35.6,15.4,5.4,3.4,6.6,14.8,2.2,2.6,0.48294029101856495
Hal Greer,76882,1970-71,7,37.9,17.9,4.7,3.6,7.0,16.0,3.9,5.1,0.49057224292918217
James Harden,201935,2009-10,6,20.0,7.7,1.8,2.5,2.0,5.2,2.7,3.2,0.5826271186440678
James Harden,201935,2010-11,17,31.6,13.0,3.6,5.4,3.9,8.2,3.9,4.7,0.6330346708219713
James Harden,201935,2011-12,20,31.5,16.3,3.4,5.1,4.7,10.7,5.4,6.3,0.604958432304038
James Harden,201935,2012-13,6,40.5,26.3,4.5,6.7,7.5,19.2,8.8,11.0,0.5470049916805325
James Harden,201935,2013-14,6,43.8,26.8,5.8,4.7,8.3,22.2,7.5,8.3,0.5183351384805818
James Harden,201935,2014-15,17,37.4,27.2,7.5,5.7,7.6,17.3,9.6,10.5,0.6204379562043795
James Harden,201935,2015-16,5,38.6,26.6,7.6,5.2,8.2,20.0,7.6,9.0,0.5550918196994992
James Harden,201935,2016-17,11,37.0,28.5,8.5,5.5,8.2,19.8,9.2,10.5,0.5835380835380835
James Harden,201935,2017-18,17,36.5,28.6,6.8,5.2,9.3,22.6,6.9,7.8,0.5493239090350338
James Harden,201935,2018-19,11,38.5,31.6,6.6,6.8,9.9,24.0,7.5,8.9,0.565983665281559
James Harden,201935,2019-20,12,37.3,29.6,7.7,5.6,9.1,19.0,8.2,9.7,0.6360667010486505
James Harden,201935,2020-21,9,35.8,20.2,8.6,6.3,5.7,12.0,6.2,6.9,0.6717212024474595
James Harden,201935,2021-22,12,39.9,18.6,8.6,5.7,5.3,13.2,5.6,6.3,0.5822689706987229
James Harden,201935,2022-23,11,38.8,20.3,8.3,6.2,6.5,16.6,4.4,5.0,0.5398936170212766
James Harden,201935,2023-24,6,40.3,21.2,8.0,4.5,6.7,14.8,4.8,5.3,0.6187251926219939
James Harden,201935,2024-25,7,39.4,18.7,9.1,5.4,6.3,14.4,3.9,4.7,0.5677677920816128
John Havlicek,76970,1962-63,11,23.1,11.8,1.5,4.8,5.1,11.4,1.6,2.5,0.47200000000000003
John Havlicek,76970,1963-64,10,28.9,15.7,3.2,4.3,6.1,15.9,3.5,4.4,0.4401211033864094
John Havlicek,76970,1964-65,12,33.8,18.5,2.4,7.3,7.3,20.8,3.8,4.6,0.4052751489660007
John Havlicek,76970,1965-66,17,42.3,23.6,4.1,9.1,9.0,22.0,5.6,6.6,0.473819466752329
John Havlicek,76970,1966-67,9,36.7,27.4,3.1,8.1,10.6,23.6,6.3,7.9,0.5059831585167676
John Havlicek,76970,1967-68,19,45.4,25.9,7.5,8.6,9.7,21.4,6.6,7.9,0.5205820871522753
John Havlicek,76970,1968-69,18,47.2,25.4,5.6,9.9,9.4,21.2,6.6,7.7,0.5165121197332031
John Havlicek,76970,1971-72,11,47.0,27.4,6.4,8.4,9.8,21.4,7.7,9.0,0.5402208201892744
John Havlicek,76970,1972-73,12,39.9,23.8,5.4,5.2,9.3,19.6,5.1,6.2,0.5329630956646363
John Havlicek,76970,1973-74,18,45.1,27.1,6.0,6.4,11.1,22.8,4.9,5.6,0.5363362887903736
John Havlicek,76970,1974-75,11,42.2,21.1,4.6,5.2,7.5,17.5,6.0,6.9,0.5137319828593689
John Havlicek,76970,1975-76,15,33.7,13.2,3.4,3.7,5.3,12.0,2.5,3.1,0.4938641125411553
John Havlicek,76970,1976-77,9,41.7,18.3,6.9,5.4,6.9,18.6,4.6,5.6,0.43439042916824916
Elvin Hayes,76979,1968-69,6,46.3,25.8,0.8,13.8,10.0,19.0,5.8,8.8,0.5640083945435467
Elvin Hayes,76979,1972-73,5,45.6,25.8,1.0,11.4,10.6,21.0,4.6,6.6,0.5396586345381527
Elvin Hayes,76979,1973-74,7,46.1,25.9,3.0,15.9,10.9,20.4,4.1,5.9,0.5631414158984172
Elvin Hayes,76979,1974-75,17,44.2,25.5,2.2,10.9,10.2,21.9,5.1,7.5,0.5059523809523809
Elvin Hayes,76979,1975-76,7,43.6,20.0,1.4,12.6,7.7,17.4,4.6,7.9,0.4790189691511784
Elvin Hayes,76979,1976-77,9,45.0,21.0,1.9,13.6,8.2,19.2,4.6,6.6,0.47502714440825194
Elvin Hayes,76979,1977-78,21,41.3,21.8,2.0,13.3,9.0,18.3,3.8,6.3,0.5172741078208049
Elvin Hayes,76979,1978-79,19,41.4,22.5,2.0,14.0,8.9,20.8,4.6,6.8,0.4728480161398789
Elvin Hayes,76979,1979-80,2,46.0,20.0,3.0,11.0,8.0,20.5,4.0,5.0,0.4405286343612335
Elvin Hayes,76979,1981-82,3,41.3,14.0,1.0,10.0,5.7,16.7,2.7,5.0,0.3703703703703704
Allen Iverson,947,1998-99,8,44.8,28.5,4.9,4.1,11.0,26.8,4.6,6.5,0.4804450438300742
Allen Iverson,947,1999-00,10,44.4,26.2,4.5,4.0,9.1,23.7,6.8,9.2,0.47210609773677387
Allen Iverson,947,2000-01,22,46.2,32.9,6.1,4.7,11.7,30.0,7.3,9.5,0.481275599765945
Allen Iverson,947,2001-02,5,41.8,30.0,4.2,3.6,9.0,23.6,10.2,12.6,0.5146856986000549
Allen Iverson,947,2002-03,12,46.4,31.7,7.4,4.3,11.4,27.4,7.3,9.8,0.4998107971745711
Allen Iverson,947,2004-05,5,47.6,31.2,10.0,2.2,11.8,25.2,5.2,5.8,0.5621216488901701
Allen Iverson,947,2006-07,5,44.6,22.8,5.8,0.6,8.4,22.8,5.0,6.2,0.4465684738326543
Allen Iverson,947,2007-08,4,39.5,24.5,4.5,3.0,9.0,20.8,5.8,8.3,0.5009815148045149
LeBron James,2544,2005-06,13,46.5,30.8,5.8,8.1,11.2,23.6,6.7,9.1,0.5578901608462542
LeBron James,2544,2006-07,20,44.7,25.1,8.0,8.1,8.3,20.0,7.4,9.8,0.5162059888121092
LeBron James,2544,2007-08,13,42.5,28.2,7.6,7.8,8.7,21.2,9.4,12.8,0.5254919499105545
LeBron James,2544,2008-09,14,41.4,35.3,7.3,9.1,11.4,22.3,10.6,14.2,0.6182569707159871
LeBron James,2544,2009-10,11,41.8,29.1,7.6,9.3,9.6,19.2,8.0,10.9,0.6063510585097517
LeBron James,2544,2010-11,21,43.9,23.7,5.9,8.4,8.3,17.8,5.7,7.4,0.5627849544072948
LeBron James,2544,2011-12,23,42.7,30.3,5.6,9.7,10.9,21.8,7.5,10.2,0.5763085818624467
LeBron James,2544,2012-13,23,41.7,25.9,6.6,8.4,9.2,18.8,5.9,7.6,0.5848085260115606
LeBron James,2544,2013-14,20,38.2,27.4,4.8,7.1,9.6,17.0,6.5,8.0,0.6676413255360624
LeBron James,2544,2014-15,20,42.2,30.1,8.5,11.3,11.4,27.2,6.1,8.4,0.48711807353702746
LeBron James,2544,2015-16,21,39.1,26.3,7.6,9.5,10.4,19.9,3.9,5.9,0.5845483641536273
LeBron James,2544,2016-17,18,41.3,32.8,7.8,9.1,12.1,21.3,6.3,9.0,0.6492478226444971
LeBron James,2544,2017-18,22,41.9,34.0,9.0,9.1,12.5,23.2,7.2,9.7,0.6189019950487841
LeBron James,2544,2019-20,21,36.3,27.6,8.8,10.8,10.2,18.2,5.1,7.1,0.6471581316826113
LeBron James,2544,2020-21,6,37.3,23.3,8.0,7.2,9.0,19.0,2.3,3.8,0.5635642414860681
LeBron James,2544,2022-23,16,38.7,24.5,6.5,9.9,9.2,18.4,4.4,5.8,0.5846697212676595
LeBron James,2544,2023-24,5,40.8,27.8,8.8,6.8,11.2,19.8,3.4,4.6,0.6369134897360703
LeBron James,2544,2024-25,5,40.8,25.4,5.6,9.0,8.6,17.6,6.2,8.0,0.6013257575757576
Magic Johnson,77142,1979-80,16,41.1,18.3,9.4,10.5,6.4,12.4,5.3,6.6,0.5978829064296916
Magic Johnson,77142,1980-81,3,42.3,17.0,7.0,13.7,6.3,16.3,4.3,6.7,0.44160432252701576
Magic Johnson,77142,1981-82,14,40.1,17.4,9.3,11.3,5.9,11.2,5.5,6.6,0.6168462847419172
Magic Johnson,77142,1982-83,15,42.9,17.9,12.8,8.5,6.7,13.7,4.5,5.4,0.5567305299825827
Magic Johnson,77142,1983-84,21,39.9,18.2,13.5,6.6,7.2,13.0,3.8,4.8,0.6021704605611434
Magic Johnson,77142,1984-85,19,36.2,17.5,15.2,7.1,6.1,11.9,5.3,6.2,0.5981678971834837
Magic Johnson,77142,1985-86,14,38.6,21.6,15.1,7.1,7.9,14.6,5.9,7.6,0.6018724921979492
Magic Johnson,77142,1986-87,18,37.0,21.8,12.2,7.7,8.1,15.1,5.4,6.6,0.6054210175516552
Magic Johnson,77142,1987-88,24,40.2,19.9,12.6,5.4,7.0,13.7,5.5,6.5,0.6008454106280193
Magic Johnson,77142,1988-89,14,37.0,18.4,11.8,5.9,6.1,12.4,5.6,6.1,0.6099177936886767
Magic Johnson,77142,1989-90,9,41.8,25.2,12.8,6.3,8.4,17.2,7.8,8.8,0.5979498861047836
Magic Johnson,77142,1990-91,19,43.3,21.8,12.6,8.1,6.2,14.1,8.3,9.4,0.5977187979820135
Magic Johnson,77142,1995-96,4,33.8,15.3,6.5,8.5,3.8,9.8,7.0,8.3,0.5686886708296164
Sam Jones,77196,1957-58,8,9.4,3.9,0.5,3.0,1.3,2.8,1.4,2.0,0.5298913043478262
Sam Jones,77196,1958-59,11,17.5,10.3,1.5,5.7,3.6,9.8,3.0,3.5,0.45414462081128754
Sam Jones,77196,1959-60,13,15.2,8.2,1.4,3.2,3.5,9.0,1.3,1.6,0.4225061830173124
Sam Jones,77196,1960-61,10,25.8,13.1,2.2,5.4,5.0,11.2,3.1,3.5,0.5141287284144428
Sam Jones,77196,1961-62,14,36.0,20.6,3.1,7.1,8.8,19.8,3.0,4.3,0.47482943020468377
Sam Jones,77196,1962-63,13,34.6,23.8,2.5,6.2,9.2,19.1,5.3,6.4,0.5429822960394233
Sam Jones,77196,1963-64,10,35.6,23.2,2.3,4.7,9.1,18.0,5.0,6.8,0.552591463414634
Sam Jones,77196,1964-65,12,41.3,28.6,2.5,4.6,11.3,24.5,6.1,7.0,0.5184916606236404
Sam Jones,77196,1965-66,17,35.4,24.8,3.1,5.1,9.1,20.2,6.7,8.0,0.5227655986509275
Sam Jones,77196,1966-67,9,36.2,26.7,3.1,5.1,10.6,23.0,5.6,6.4,0.5171211651688875
Sam Jones,77196,1967-68,19,36.1,20.5,2.6,3.4,8.5,19.3,3.5,4.4,0.48267093614616685
Sam Jones,77196,1968-69,18,28.6,16.8,2.1,3.2,6.9,16.4,3.1,3.8,0.46480743691899074
Michael Jordan,893,1984-85,4,42.8,29.3,8.5,5.8,8.5,19.5,12.0,14.5,0.5660741885625966
Michael Jordan,893,1985-86,3,45.0,43.7,5.7,6.3,16.0,31.7,11.3,13.0,0.5839123463388562
Michael Jordan,893,1986-87,3,42.7,35.7,6.0,7.0,11.7,28.0,11.7,13.0,0.5293594306049823
Michael Jordan,893,1987-88,10,42.7,36.3,4.7,7.1,13.8,26.0,8.6,9.9,0.5979048623006983
Michael Jordan,893,1988-89,17,42.2,34.8,7.6,7.0,11.7,22.9,10.8,13.5,0.6033287101248266
Michael Jordan,893,1989-90,16,42.1,36.7,6.8,7.2,13.7,26.6,8.3,9.9,0.5927768445535598
Michael Jordan,893,1990-91,17,40.5,31.1,8.4,6.4,11.6,22.1,7.4,8.7,0.5997377352668929
Michael Jordan,893,1991-92,22,41.8,34.5,5.8,6.2,13.2,26.4,7.4,8.6,0.5714948316989134
Michael Jordan,893,1992-93,19,41.2,35.1,6.0,6.7,13.2,27.8,7.2,8.9,0.5533484676503972
Michael Jordan,893,1994-95,10,42.0,31.5,4.5,6.5,12.0,24.8,6.4,7.9,0.5570094780025463
Michael Jordan,893,1995-96,18,40.7,30.7,4.1,4.9,10.4,22.6,8.5,10.4,0.5648366205475419
Michael Jordan,893,1996-97,19,42.3,31.1,4.8,7.9,11.9,26.2,6.5,7.8,0.5247705183585314
Michael Jordan,893,1997-98,21,41.5,32.4,3.5,5.1,11.6,25.0,8.6,10.6,0.5461165048543689
Jason Kidd,467,1996-97,5,41.4,12.0,9.8,6.0,4.2,10.6,2.0,3.8,0.4889178617992177
Jason Kidd,467,1997-98,4,42.8,14.3,7.8,5.8,5.5,14.5,3.3,4.0,0.4397293972939729
Jason Kidd,467,1998-99,3,42.0,15.0,10.3,2.3,6.0,14.3,1.7,2.3,0.4898119122257053
Jason Kidd,467,1999-00,6,38.2,9.8,8.8,6.7,3.7,9.2,1.2,1.5,0.4969574036511157
Jason Kidd,467,2000-01,4,41.5,14.3,13.3,6.0,5.5,17.3,2.3,3.0,0.38399570354457574
Jason Kidd,467,2001-02,20,40.2,19.6,9.1,8.2,7.4,17.7,4.0,5.0,0.492462311557789
Jason Kidd,467,2002-03,20,42.6,20.1,8.2,7.7,6.9,17.1,4.7,5.7,0.512545899632803
Jason Kidd,467,2003-04,11,43.1,12.6,9.0,6.6,3.9,11.7,3.9,4.8,0.45612510860121636
Jason Kidd,467,2004-05,4,45.5,17.3,7.3,9.0,6.5,16.8,1.5,2.8,0.4797027506654836
Jason Kidd,467,2005-06,11,40.9,12.0,9.6,7.6,4.5,12.0,1.7,2.1,0.46425255338904364
Jason Kidd,467,2006-07,12,40.3,14.6,10.9,10.9,5.3,12.3,1.1,2.1,0.5520266182698125
Jason Kidd,467,2007-08,5,36.0,8.6,6.8,6.4,3.2,7.6,1.0,1.6,0.5178227360308285
Jason Kidd,467,2008-09,10,38.6,11.4,5.9,5.8,3.8,8.3,1.7,2.0,0.6209150326797385
Jason Kidd,467,2009-10,6,40.5,8.0,7.0,6.8,2.3,7.7,1.8,2.0,0.4662004662004662
Jason Kidd,467,2010-11,21,35.4,9.3,7.3,4.5,3.0,7.7,1.1,1.4,0.5591630591630592
Jason Kidd,467,2011-12,4,36.0,11.5,6.0,6.0,3.5,10.3,2.3,2.5,0.5043859649122807
Jason Kidd,467,2012-13,12,20.6,0.9,2.0,3.5,0.3,2.1,0.2,0.2,0.20566727605118829
Kawhi Leonard,202695,2011-12,14,27.1,8.6,0.6,5.9,3.2,6.4,0.9,1.1,0.6246368390470656
Kawhi Leonard,202695,2012-13,21,36.9,13.5,1.0,9.0,5.5,10.0,1.5,2.3,0.612967671630948
Kawhi Leonard,202695,2013-14,23,32.0,14.3,1.7,6.7,5.3,10.4,2.3,3.1,0.6077864671880312
Kawhi Leonard,202695,2014-15,7,35.7,20.3,2.6,7.4,7.4,15.6,3.9,5.0,0.5702247191011236
Kawhi Leonard,202695,2015-16,10,33.9,22.5,2.8,6.3,8.3,16.6,4.2,5.1,0.5970070048821906
Kawhi Leonard,202695,2016-17,12,35.8,27.7,4.6,7.8,8.8,16.8,7.9,8.5,0.6742940603700097
Kawhi Leonard,202695,2018-19,24,39.1,30.5,3.9,9.1,10.1,20.7,8.0,9.0,0.6184103811841039
Kawhi Leonard,202695,2019-20,13,39.3,28.2,5.5,9.3,10.1,20.6,6.2,7.2,0.5932346011443957
Kawhi Leonard,202695,2020-21,11,39.3,30.4,4.4,7.7,11.1,19.4,6.0,6.8,0.6788138620936048
Kawhi Leonard,202695,2022-23,2,40.0,34.5,6.0,6.5,12.0,22.0,7.5,8.5,0.6701631701631701
Kawhi Leonard,202695,2023-24,2,29.5,12.0,2.0,8.0,5.5,12.0,1.0,1.5,0.47393364928909953
Kawhi Leonard,202695,2024-25,7,37.9,25.0,4.7,7.6,9.4,17.6,4.0,5.1,0.6299133239266277
Damian Lillard,203081,2013-14,11,42.4,22.9,6.5,5.1,7.5,17.2,5.4,6.0,0.5771169354838709
Damian Lillard,203081,2014-15,5,40.2,21.6,4.6,4.0,7.8,19.2,5.0,6.4,0.49055232558139544
Damian Lillard,203081,2015-16,11,39.7,26.5,6.3,4.3,8.1,22.0,6.5,7.1,0.5273841744945073
Damian Lillard,203081,2016-17,4,37.8,27.8,3.3,4.5,9.8,22.5,6.0,6.3,0.5500158277936056
Damian Lillard,203081,2017-18,4,40.5,18.5,4.8,4.5,6.3,17.8,3.8,4.3,0.4697339020922202
Damian Lillard,203081,2018-19,16,40.6,26.9,6.6,4.8,8.6,20.6,5.9,7.1,0.5669364356769516
Damian Lillard,203081,2019-20,4,35.8,24.3,4.3,3.5,6.5,16.0,8.0,8.3,0.6182576836963158
Damian Lillard,203081,2020-21,6,41.3,34.3,10.2,4.3,10.3,22.3,7.8,8.3,0.6608353884093711
Damian Lillard,203081,2023-24,4,39.0,31.3,5.0,3.3,8.5,20.3,9.3,9.5,0.639297385620915
Damian Lillard,203081,2024-25,3,25.0,7.0,4.7,2.7,2.0,9.0,2.0,2.3,0.3495805033959249
Jerry Lucas,77418,1963-64,10,37.0,12.2,3.4,12.5,4.8,12.3,2.6,3.7,0.4379666858127512
Jerry Lucas,77418,1964-65,4,48.8,23.3,2.3,21.0,9.5,18.8,4.3,5.5,0.5490103675777569
Jerry Lucas,77418,1965-66,5,46.2,21.4,2.8,20.2,8.0,17.0,5.4,7.0,0.5328685258964143
Jerry Lucas,77418,1966-67,4,45.8,12.5,2.0,19.3,6.0,13.8,0.5,0.5,0.44579172610556345
Jerry Lucas,77418,1970-71,5,34.2,17.8,3.2,10.0,7.8,15.4,2.2,3.2,0.5295097572584484
Jerry Lucas,77418,1971-72,16,46.1,18.6,5.3,10.8,7.4,14.9,3.7,4.4,0.5523877405559515
Jerry Lucas,77418,1972-73,17,21.6,7.5,2.3,5.0,3.2,6.6,1.2,1.4,0.5196784922394679
Jerry Lucas,77418,1973-74,11,10.5,0.9,0.8,2.0,0.5,1.9,0.0,0.0,0.2368421052631579
Karl Malone,252,1985-86,4,36.0,21.8,1.0,7.5,9.5,18.0,2.8,6.5,0.5225311601150527
Karl Malone,252,1986-87,5,40.0,20.0,1.2,9.6,7.4,17.6,5.2,7.2,0.4815100154083205
Karl Malone,252,1987-88,11,44.9,29.7,1.5,11.8,11.2,23.2,7.4,10.2,0.5363334296446114
Karl Malone,252,1988-89,3,45.3,30.7,1.3,16.3,11.0,22.0,8.7,10.7,0.5747341620488243
Karl Malone,252,1989-90,5,40.6,25.2,2.2,10.2,9.2,21.0,6.8,9.0,0.5048076923076923
Karl Malone,252,1990-91,9,42.6,29.7,3.2,13.3,10.6,23.2,8.6,10.1,0.537187093040081
Karl Malone,252,1991-92,16,43.0,29.1,2.6,11.3,9.3,17.8,10.6,13.1,0.6174673230351384
Karl Malone,252,1992-93,5,43.2,24.0,2.0,10.4,8.8,19.4,6.2,7.6,0.5276116778051354
Karl Malone,252,1993-94,16,43.9,27.1,3.4,12.4,9.9,21.1,7.4,10.0,0.5313725490196078
Karl Malone,252,1994-95,5,43.2,30.2,3.8,13.2,9.6,20.6,10.8,15.6,0.5498106612292455
Karl Malone,252,1995-96,18,40.3,26.5,4.4,10.3,10.4,22.3,5.6,9.8,0.49789568615662105
Karl Malone,252,1996-97,20,40.8,26.0,2.9,11.4,9.4,21.5,7.2,10.0,0.5019305019305019
Karl Malone,252,1997-98,20,39.8,26.3,3.4,10.9,9.9,21.0,6.5,8.3,0.5334252798961545
Karl Malone,252,1998-99,11,41.0,21.8,4.7,11.3,7.8,18.7,6.2,7.8,0.4924995481655522
Karl Malone,252,1999-00,10,38.6,27.2,3.1,8.9,10.3,19.8,6.4,7.9,0.584292833820244
Karl Malone,252,2000-01,5,39.8,27.6,3.4,8.8,9.8,24.2,7.8,9.8,0.484006734006734
Karl Malone,252,2001-02,4,40.8,20.0,4.5,7.5,7.5,18.3,5.0,7.0,0.46772684752104765
Karl Malone,252,2002-03,5,38.2,19.6,4.0,6.8,6.8,16.8,6.0,8.2,0.48020384163073304
Karl Malone,252,2003-04,21,38.0,11.5,3.4,8.8,4.7,10.4,2.2,3.5,0.48157453936348404
Moses Malone,77449,1976-77,12,43.2,18.8,0.6,16.9,6.8,13.5,5.3,7.6,0.558062218000475
Moses Malone,77449,1978-79,2,39.0,24.5,1.0,20.5,9.0,20.5,6.5,9.0,0.5008176614881439
Moses Malone,77449,1979-80,7,39.3,25.9,1.0,13.9,10.6,19.7,4.7,6.1,0.5785382416011436
Moses Malone,77449,1980-81,21,45.5,26.8,1.7,14.5,9.9,20.6,7.0,9.9,0.536945023240904
Moses Malone,77449,1981-82,3,45.3,24.0,3.3,17.0,9.7,22.3,4.7,5.0,0.4897959183673469
Moses Malone,77449,1982-83,13,40.3,26.0,1.5,15.8,9.7,18.1,6.6,9.2,0.5869604478959725
Moses Malone,77449,1983-84,5,42.4,21.4,1.4,13.8,7.6,16.6,6.2,6.4,0.5510918829831066
Moses Malone,77449,1984-85,13,38.8,20.2,1.8,10.6,6.9,16.3,6.3,7.9,0.510720064724919
Moses Malone,77449,1986-87,3,38.0,20.7,1.7,12.7,7.0,15.7,6.7,7.0,0.5511182108626198
Moses Malone,77449,1987-88,5,39.6,18.6,1.4,11.2,6.0,13.0,6.6,8.0,0.5629539951573851
Moses Malone,77449,1988-89,5,39.4,21.0,1.8,12.0,6.4,12.8,8.0,10.2,0.6073577047663119
Moses Malone,77449,1990-91,5,16.8,4.2,0.6,6.2,0.8,4.0,2.6,2.8,0.4013761467889908
Pete Maravich,77459,1970-71,5,39.8,22.0,4.8,5.2,9.2,24.4,3.6,5.2,0.4121702637889688
Pete Maravich,77459,1971-72,6,36.5,27.7,4.7,5.3,9.0,20.2,9.7,11.8,0.5454473850031506
Pete Maravich,77459,1972-73,6,39.0,26.2,6.7,4.8,10.8,25.8,4.5,5.7,0.4627667090575102
Pete Maravich,77459,1979-80,9,11.6,6.0,0.7,0.9,2.8,5.7,0.2,0.3,0.51440329218107
Bob McAdoo,77498,1973-74,6,45.2,31.7,1.5,13.7,12.7,26.5,6.3,7.8,0.5295336095149005
Bob McAdoo,77498,1974-75,7,46.7,37.4,1.4,13.4,14.9,30.9,7.7,10.4,0.5271169241177134
Bob McAdoo,77498,1975-76,9,45.1,28.0,3.2,14.2,10.8,23.9,6.4,9.1,0.5017201834862386
Bob McAdoo,77498,1977-78,6,39.7,23.8,3.8,9.7,10.2,21.0,3.5,5.8,0.505264945652174
Bob McAdoo,77498,1981-82,14,27.7,16.7,1.6,6.8,7.2,12.8,2.3,3.4,0.5840794627867935
Bob McAdoo,77498,1982-83,8,20.8,10.9,0.6,5.8,4.6,10.5,1.4,1.8,0.4826425788168615
Bob McAdoo,77498,1983-84,20,22.4,14.0,0.6,5.4,5.6,10.8,2.9,4.1,0.5553792446842272
Bob McAdoo,77498,1984-85,19,20.9,11.4,0.8,4.5,4.8,10.2,1.8,2.5,0.5044247787610621
Bob McAdoo,77498,1985-86,5,14.6,10.8,0.4,2.8,4.0,7.2,2.8,3.2,0.6273234200743495
Kevin McHale,1450,1980-81,17,17.4,8.5,0.8,3.5,3.6,6.6,1.4,2.1,0.5648591174906964
Kevin McHale,1450,1981-82,12,28.7,16.2,0.9,7.1,6.4,11.2,3.3,4.4,0.616626065773447
Kevin McHale,1450,1982-83,7,25.3,11.1,0.7,6.0,4.9,8.9,1.4,2.6,0.552568697729988
Kevin McHale,1450,1983-84,23,30.5,14.8,1.2,6.2,5.3,10.6,4.1,5.3,0.5722239406124343
Kevin McHale,1450,1984-85,21,39.9,22.1,1.5,9.9,8.2,14.4,5.8,7.1,0.6305637982195845
Kevin McHale,1450,1985-86,18,39.7,24.9,2.7,8.6,9.3,16.1,6.2,7.8,0.6374155232439074
Kevin McHale,1450,1986-87,21,39.4,21.1,1.9,9.2,8.3,14.2,4.6,6.0,0.6264845605700713
Kevin McHale,1450,1987-88,17,42.1,25.4,2.4,8.0,9.3,15.4,6.8,8.1,0.6696899388314702
Kevin McHale,1450,1988-89,3,38.3,19.0,3.0,8.0,6.7,13.7,5.7,7.7,0.5559456928838951
Kevin McHale,1450,1989-90,5,38.4,22.0,2.6,7.8,8.4,13.8,5.0,5.8,0.6727005870841487
Kevin McHale,1450,1990-91,11,34.2,20.7,1.8,6.5,7.1,13.5,6.0,7.3,0.6193154619435136
Kevin McHale,1450,1991-92,10,30.6,16.5,1.3,6.7,6.5,12.6,3.5,4.4,0.567556411667584
Kevin McHale,1450,1992-93,4,28.3,19.0,0.8,7.3,8.0,13.8,3.0,3.5,0.6192959582790092
George Mikan,600012,1948-49,10,,30.3,2.1,,10.3,22.7,9.7,12.1,0.5406080502426491
George Mikan,600012,1949-50,12,,31.3,3.0,,10.1,26.3,11.2,14.2,0.4808283151038466
George Mikan,600012,1950-51,7,,24.0,1.3,10.6,8.9,21.7,6.3,7.9,0.47664442326024786
George Mikan,600012,1951-52,13,42.5,23.6,2.8,15.9,7.6,20.1,8.4,10.6,0.4764981424648683
George Mikan,600012,1952-53,12,38.6,19.8,1.9,15.4,6.5,17.8,6.8,9.3,0.45221998903709115
George Mikan,600012,1953-54,13,32.6,19.4,1.9,13.2,6.7,14.6,6.0,7.4,0.5432347670250895
George Mikan,600012,1955-56,3,20.0,12.0,1.7,9.3,4.3,11.7,3.3,4.3,0.4414361389052384
Reggie Miller,397,1989-90,3,41.7,20.7,2.0,4.0,6.7,11.7,6.3,7.0,0.7002706359945873
Reggie Miller,397,1990-91,5,38.6,21.6,2.8,3.2,6.8,14.0,6.4,7.4,0.6258692628650905
Reggie Miller,397,1991-92,3,43.3,27.0,4.7,2.3,8.3,14.3,8.0,10.0,0.7219251336898395
Reggie Miller,397,1992-93,4,43.8,31.5,2.8,3.0,10.0,18.8,9.0,9.5,0.685378590078329
Reggie Miller,397,1993-94,16,36.0,23.2,2.9,3.0,7.6,16.9,5.9,7.0,0.5805805805805807
Reggie Miller,397,1994-95,17,37.7,25.5,2.1,3.6,8.1,17.1,6.1,7.1,0.630439082278481
Reggie Miller,397,1995-96,1,31.0,29.0,1.0,1.0,7.0,17.0,13.0,15.0,0.6144067796610169
Reggie Miller,397,1997-98,16,39.3,19.9,2.0,1.8,6.1,14.4,5.3,5.9,0.5854318663214872
Reggie Miller,397,1998-99,13,37.0,20.2,2.6,3.9,6.1,15.3,5.9,6.6,0.5548231157987256
Reggie Miller,397,1999-00,22,40.5,24.0,2.7,2.4,7.9,17.5,5.5,5.9,0.5971337579617835
Reggie Miller,397,2000-01,4,44.3,31.3,2.5,5.0,10.3,22.5,7.0,7.5,0.6065891472868217
Reggie Miller,397,2001-02,5,39.6,23.6,2.8,3.2,8.4,16.6,4.2,4.8,0.6306113723813594
Reggie Miller,397,2002-03,6,29.3,9.2,2.3,2.3,2.5,8.8,3.5,3.8,0.4392666157372039
Reggie Miller,397,2003-04,16,28.4,10.1,2.8,2.3,2.8,7.0,2.9,3.2,0.6006184586108468
Reggie Miller,397,2004-05,13,33.1,14.8,1.5,3.1,4.8,11.0,3.7,3.9,0.5819440075495439
Earl Monroe,600006,1968-69,4,42.8,28.3,4.0,5.3,11.0,28.5,6.3,7.8,0.4431291494425655
Earl Monroe,600006,1969-70,7,42.7,28.0,4.0,3.3,10.6,22.0,6.9,8.6,0.542972385975799
Earl Monroe,600006,1970-71,18,37.3,22.1,4.1,3.6,8.1,19.8,5.9,7.5,0.47835497835497837
Earl Monroe,600006,1971-72,16,26.8,12.3,2.9,2.8,4.8,11.6,2.8,3.6,0.46647451456310685
Earl Monroe,600006,1972-73,16,31.5,16.1,3.2,3.2,6.9,13.2,2.3,3.0,0.5544077134986226
Earl Monroe,600006,1973-74,12,33.9,17.4,2.1,4.0,6.8,13.8,3.9,4.6,0.5497977755308391
Earl Monroe,600006,1974-75,3,29.7,14.0,2.0,3.0,4.0,15.0,6.0,7.3,0.3843619591478146
Earl Monroe,600006,1977-78,6,24.2,9.8,2.8,0.8,4.0,10.3,1.8,3.0,0.4216867469879518
Steve Nash,959,1996-97,4,3.8,1.3,0.3,0.3,0.5,2.3,0.0,0.0,0.28260869565217395
Steve Nash,959,1997-98,4,12.8,5.5,1.8,2.5,2.0,4.5,1.3,2.0,0.5111524163568774
Steve Nash,959,2000-01,10,37.0,13.6,6.4,3.2,4.5,10.8,3.0,3.4,0.5530253741054001
Steve Nash,959,2001-02,8,40.4,19.5,8.8,4.0,6.4,14.8,4.3,4.4,0.582576481835564
Steve Nash,959,2002-03,20,36.5,16.1,7.3,3.5,5.8,12.9,2.8,3.2,0.5626223091976518
Steve Nash,959,2003-04,5,39.4,13.6,9.0,5.2,5.4,14.0,1.6,1.8,0.4597079502433748
Steve Nash,959,2004-05,15,40.7,23.9,11.3,4.8,9.3,17.9,3.8,4.1,0.6064758424685344
Steve Nash,959,2005-06,20,39.9,20.4,10.2,3.7,7.3,14.6,4.2,4.6,0.6135707410972089
Steve Nash,959,2006-07,11,37.5,18.9,13.3,3.2,6.7,14.5,3.7,4.2,0.5780523611450942
Steve Nash,959,2007-08,5,36.6,16.2,7.8,2.8,6.4,14.0,2.2,2.4,0.5379914984059511
Steve Nash,959,2009-10,16,33.7,17.8,10.1,3.3,6.2,11.9,4.2,4.7,0.6371706758304697
Steve Nash,959,2012-13,2,30.5,12.5,4.5,2.5,5.0,11.5,2.5,2.5,0.49603174603174605
Dirk Nowitzki,1717,2000-01,10,39.9,23.4,1.4,8.1,6.9,16.3,8.3,9.4,0.5725190839694656
Dirk Nowitzki,1717,2001-02,8,44.6,28.4,2.3,13.1,9.1,20.5,8.1,9.3,0.5774235523747561
Dirk Nowitzki,1717,2002-03,17,42.5,25.3,2.2,11.5,8.8,18.4,6.1,6.6,0.5937852046564026
Dirk Nowitzki,1717,2003-04,5,42.4,26.6,1.4,11.8,9.0,20.0,7.2,8.4,0.5612761647535449
Dirk Nowitzki,1717,2004-05,13,42.4,23.7,3.3,10.1,7.9,19.7,7.1,8.5,0.5055460750853242
Dirk Nowitzki,1717,2005-06,23,42.7,27.0,2.9,11.7,8.5,18.2,8.9,10.0,0.5973451327433628
Dirk Nowitzki,1717,2006-07,6,39.8,19.7,2.3,11.3,6.0,15.7,7.0,8.3,0.5089913187267465
Dirk Nowitzki,1717,2007-08,5,42.2,26.8,4.0,12.0,8.6,18.2,8.4,10.4,0.5883386020372322
Dirk Nowitzki,1717,2008-09,10,39.4,26.8,3.1,10.1,8.8,17.0,8.6,9.3,0.6353119666224162
Dirk Nowitzki,1717,2009-10,6,38.8,26.7,3.0,8.2,9.7,17.7,6.7,7.0,0.6424446583253127
Dirk Nowitzki,1717,2010-11,21,39.3,27.7,2.5,8.1,9.1,18.9,8.3,8.9,0.6070301542776999
Dirk Nowitzki,1717,2011-12,4,38.5,26.8,1.8,6.3,8.5,19.3,9.5,10.5,0.560200668896321
Dirk Nowitzki,1717,2013-14,7,37.6,19.1,1.6,8.0,7.7,18.0,3.6,4.4,0.47903290529695025
Dirk Nowitzki,1717,2014-15,5,36.2,21.2,2.4,10.4,7.6,16.8,5.2,5.6,0.550249169435216
Dirk Nowitzki,1717,2015-16,5,34.0,20.4,1.6,4.8,8.2,16.6,3.2,3.4,0.5636604774535808
Hakeem Olajuwon,165,1984-85,5,37.4,21.2,1.4,13.0,8.4,17.6,4.4,9.2,0.4896526237989652
Hakeem Olajuwon,165,1985-86,20,38.3,26.9,2.0,11.8,10.3,19.4,6.4,10.0,0.5651260504201681
Hakeem Olajuwon,165,1986-87,10,38.9,29.2,2.5,11.3,11.0,17.9,7.2,9.7,0.6586070010826417
Hakeem Olajuwon,165,1987-88,4,40.5,37.5,1.8,16.8,14.0,24.5,9.5,10.8,0.6409818132093531
Hakeem Olajuwon,165,1988-89,4,40.5,25.3,3.0,13.0,10.5,20.3,4.3,6.3,0.5482836338418863
Hakeem Olajuwon,165,1989-90,4,40.3,18.5,2.0,11.5,7.8,17.5,3.0,4.3,0.47700082508250824
Hakeem Olajuwon,165,1990-91,3,43.0,22.0,2.0,14.7,8.7,15.0,4.7,5.7,0.6282842129312315
Hakeem Olajuwon,165,1992-93,12,43.2,25.7,4.8,14.0,10.3,19.8,5.2,6.3,0.5692893850788587
Hakeem Olajuwon,165,1993-94,23,43.0,28.9,4.3,11.0,11.6,22.3,5.6,7.0,0.5693459416863671
Hakeem Olajuwon,165,1994-95,22,42.2,33.0,4.5,10.3,13.9,26.2,5.0,7.4,0.5601575230852798
Hakeem Olajuwon,165,1995-96,8,41.1,22.4,3.9,9.1,9.4,18.4,3.6,5.0,0.5436893203883495
Hakeem Olajuwon,165,1996-97,16,39.3,23.1,3.4,10.9,9.2,15.6,4.8,6.5,0.6256771397616468
Hakeem Olajuwon,165,1997-98,5,38.0,20.4,2.4,10.8,7.8,19.8,4.8,6.6,0.4492600422832981
Hakeem Olajuwon,165,1998-99,4,30.8,13.3,0.5,7.3,5.8,13.5,1.8,2.0,0.4624478442280946
Hakeem Olajuwon,165,2001-02,5,17.2,5.6,0.4,3.8,2.4,4.4,0.8,1.2,0.568181818181818
Shaquille O'Neal,406,1993-94,3,42.0,20.7,2.3,13.3,7.7,15.0,5.3,11.3,0.5182255157220108
Shaquille O'Neal,406,1994-95,21,38.3,25.7,3.3,11.9,9.3,16.1,7.1,12.4,0.5961217294488773
Shaquille O'Neal,406,1995-96,12,38.3,25.8,4.6,10.0,10.9,18.0,4.0,10.2,0.5736392742796158
Shaquille O'Neal,406,1996-97,9,36.2,26.9,3.2,10.6,9.9,19.2,7.1,11.7,0.552406768523082
Shaquille O'Neal,406,1997-98,13,38.5,30.5,2.9,10.2,12.2,19.8,6.2,12.2,0.6059281627463445
Shaquille O'Neal,406,1998-99,8,39.4,26.6,2.3,11.6,9.9,19.4,6.9,14.8,0.5132757023772769
Shaquille O'Neal,406,1999-00,23,43.5,30.7,3.1,15.4,12.4,22.0,5.9,12.9,0.554632172279231
Shaquille O'Neal,406,2000-01,16,42.3,30.4,3.2,15.4,11.9,21.5,6.6,12.5,0.5629629629629629
Shaquille O'Neal,406,2001-02,19,40.8,28.5,2.8,12.6,10.7,20.2,7.1,10.9,0.5700912145943351
Shaquille O'Neal,406,2002-03,12,40.1,27.0,3.7,14.8,10.1,18.8,6.8,11.0,0.5710659898477157
Shaquille O'Neal,406,2003-04,22,41.7,21.5,2.5,13.2,8.3,14.0,5.0,11.5,0.5640083945435468
Shaquille O'Neal,406,2004-05,13,33.2,19.4,1.9,7.8,7.8,13.9,3.8,8.2,0.5540324423120859
Shaquille O'Neal,406,2005-06,23,33.0,18.4,1.7,9.8,7.7,12.7,3.0,7.9,0.5687438180019783
Shaquille O'Neal,406,2006-07,4,30.3,18.8,1.3,8.5,8.3,14.8,2.3,6.8,0.5283273381294964
Shaquille O'Neal,406,2007-08,5,30.0,15.2,1.0,9.2,4.4,10.0,6.4,12.8,0.48618219037871024
Shaquille O'Neal,406,2009-10,11,22.1,11.5,1.4,5.5,4.4,8.5,2.8,4.3,0.5533102386451116
Shaquille O'Neal,406,2010-11,2,6.0,1.0,0.5,0.0,0.5,1.0,0.0,1.0,0.3472222222222222
Robert Parish,305,1976-77,10,23.9,12.1,1.1,10.3,5.2,10.8,1.7,2.6,0.5065304755525787
Robert Parish,305,1980-81,17,28.9,15.0,1.1,8.6,6.4,12.9,2.3,3.4,0.5209780494581828
Robert Parish,305,1981-82,12,35.5,21.3,1.5,11.3,8.5,17.4,4.3,6.3,0.5279595478881619
Robert Parish,305,1982-83,7,35.6,14.7,1.3,10.6,6.1,12.7,2.4,2.9,0.5259015455065827
Robert Parish,305,1983-84,23,37.8,14.9,1.2,10.8,6.0,12.7,2.8,4.3,0.5105537280701755
Robert Parish,305,1984-85,21,38.2,17.1,1.5,10.4,6.5,13.1,4.1,5.3,0.5540435458786938
Robert Parish,305,1985-86,18,32.8,15.0,1.4,8.8,5.9,12.5,3.2,4.9,0.511735807860262
Robert Parish,305,1986-87,21,35.0,18.0,1.3,9.4,7.1,12.5,3.8,4.9,0.6140829694323144
Robert Parish,305,1987-88,17,36.8,14.7,1.2,9.9,5.9,11.1,2.9,3.6,0.5794701986754967
Robert Parish,305,1988-89,3,37.3,15.7,2.0,8.7,6.7,14.7,2.3,3.0,0.49001248439450684
Robert Parish,305,1989-90,5,34.0,15.8,2.6,10.0,6.2,10.8,3.4,3.6,0.6379198966408269
Robert Parish,305,1990-91,10,29.6,15.8,0.6,9.2,5.8,9.7,4.2,6.1,0.6379198966408269
Robert Parish,305,1991-92,10,33.5,12.0,1.4,9.7,5.0,10.1,2.0,2.8,0.5294740557712673
Robert Parish,305,1992-93,4,36.5,17.0,1.3,9.5,7.8,14.3,1.5,1.8,0.5632122979061754
Robert Parish,305,1994-95,4,17.8,3.5,0.3,2.3,1.5,2.8,0.5,1.3,0.5189798339264532
Robert Parish,305,1996-97,2,9.0,1.0,0.0,2.0,0.5,3.5,0.0,0.0,0.14285714285714285
Chris Paul,101108,2007-08,12,40.5,24.1,11.3,4.9,9.3,18.4,5.2,6.6,0.5656214795343598
Chris Paul,101108,2008-09,5,40.2,16.6,10.4,4.4,6.0,14.6,3.6,4.2,0.5046206225680934
Chris Paul,101108,2010-11,6,41.7,22.0,11.5,6.7,7.0,12.8,6.5,8.2,0.6704046806435885
Chris Paul,101108,2011-12,11,38.5,17.6,7.9,5.1,6.4,14.9,3.7,4.3,0.5240590757503573
Chris Paul,101108,2012-13,6,37.3,22.8,6.3,4.0,8.2,15.3,5.5,6.2,0.6323496782782339
Chris Paul,101108,2013-14,13,36.3,19.8,10.3,4.2,7.1,15.2,3.2,4.1,0.5822159491884263
Chris Paul,101108,2014-15,12,37.1,22.1,8.8,4.4,7.9,15.8,4.0,4.3,0.6245760795839927
Chris Paul,101108,2015-16,4,31.3,23.8,7.3,4.0,9.3,19.0,3.8,3.8,0.5756578947368421
Chris Paul,101108,2016-17,7,37.1,25.3,9.9,5.0,9.6,19.3,4.1,4.7,0.5920067390490452
Chris Paul,101108,2017-18,15,34.5,21.1,5.8,5.9,7.9,17.1,2.9,3.5,0.5659871244635193
Chris Paul,101108,2018-19,11,36.1,17.0,5.5,6.4,6.0,13.5,3.5,4.1,0.5554103502352327
Chris Paul,101108,2019-20,7,37.3,21.3,5.3,7.4,7.9,16.0,3.3,3.7,0.6041524846834582
Chris Paul,101108,2020-21,20,34.2,19.2,8.6,3.5,7.5,15.0,2.9,3.3,0.5835156819839533
Chris Paul,101108,2021-22,13,34.5,17.5,8.3,4.2,6.7,11.9,2.7,2.8,0.6663113006396588
Chris Paul,101108,2022-23,7,35.7,12.4,7.4,5.0,5.4,13.0,0.3,0.6,0.46743063932448736
Gary Payton,56,1990-91,5,27.0,4.8,6.4,2.6,2.2,5.4,0.4,0.4,0.43041606886657097
Gary Payton,56,1991-92,8,27.6,7.6,4.8,2.6,3.4,7.3,0.9,1.5,0.4773869346733668
Gary Payton,56,1992-93,19,31.8,12.3,3.7,3.3,5.5,12.4,1.3,1.9,0.4646418857660925
Gary Payton,56,1993-94,5,36.2,15.8,5.6,3.4,6.8,13.8,1.6,3.8,0.5105997931747673
Gary Payton,56,1994-95,4,43.0,17.8,5.3,2.5,8.0,16.8,1.3,3.0,0.4911699779249448
Gary Payton,56,1995-96,21,43.4,20.7,6.8,5.1,7.7,15.9,3.3,5.2,0.5690565207829337
Gary Payton,56,1996-97,12,45.5,23.8,8.7,5.4,8.8,21.3,4.2,5.1,0.5054366292898403
Gary Payton,56,1997-98,10,42.8,24.0,7.0,3.4,8.7,18.3,4.7,5.0,0.5853658536585366
Gary Payton,56,1999-00,5,44.2,25.8,7.4,7.6,10.0,22.6,4.0,5.2,0.5183220829315333
Gary Payton,56,2001-02,5,41.4,22.2,5.8,8.6,9.0,21.2,3.4,5.8,0.4673290670259347
Gary Payton,56,2002-03,6,41.8,18.5,8.7,3.0,8.0,18.7,2.3,3.3,0.45901151250496225
Gary Payton,56,2003-04,22,35.1,7.8,5.3,3.3,3.1,8.5,1.0,1.3,0.42989417989417994
Gary Payton,56,2004-05,7,34.1,10.3,4.6,4.1,4.7,10.6,0.7,0.9,0.4683521280465624
Gary Payton,56,2005-06,23,24.3,5.8,1.6,1.7,2.1,5.0,0.8,1.1,0.5288110867979576
Gary Payton,56,2006-07,2,16.0,0.0,1.5,2.0,0.0,1.5,0.0,0.0,0.0
Bob Pettit,77847,1955-56,8,34.3,19.1,2.3,10.5,5.9,16.0,7.4,8.8,0.48057568438003223
Bob Pettit,77847,1956-57,10,43.0,29.8,2.5,16.8,9.8,23.7,10.2,13.3,0.5041959935029778
Bob Pettit,77847,1957-58,11,39.1,24.2,1.8,16.5,8.2,20.9,7.8,10.7,0.47250859106529214
Bob Pettit,77847,1958-59,6,42.8,27.8,2.3,12.5,9.7,22.8,8.5,10.8,0.504500580720093
Bob Pettit,77847,1959-60,14,41.1,26.1,3.7,15.8,9.2,20.9,7.6,10.1,0.5149147727272728
Bob Pettit,77847,1960-61,12,43.8,28.6,3.2,17.6,9.8,23.7,9.1,12.0,0.49344375431331955
Bob Pettit,77847,1962-63,11,42.1,31.8,3.0,15.1,10.8,23.5,10.2,13.1,0.543329688354292
Bob Pettit,77847,1963-64,12,41.2,21.0,2.8,14.5,7.8,18.8,5.5,6.6,0.48378179137486177
Bob Pettit,77847,1964-65,4,23.8,11.5,2.0,6.0,3.8,10.3,4.0,5.0,0.46
Paul Pierce,1718,2001-02,16,42.0,24.6,4.1,8.6,7.6,18.9,7.5,9.8,0.5298983284508013
Paul Pierce,1718,2002-03,10,44.5,27.1,6.7,9.0,7.7,19.3,10.1,11.7,0.5542375654450262
Paul Pierce,1718,2003-04,4,40.5,20.8,2.5,8.8,6.5,19.0,6.5,7.8,0.46362339514978607
Paul Pierce,1718,2004-05,7,39.6,22.9,4.6,7.7,6.7,13.3,8.4,9.7,0.6517531876138433
Paul Pierce,1718,2007-08,26,38.1,19.7,4.6,5.0,6.3,14.2,5.5,6.8,0.5729409027454629
Paul Pierce,1718,2008-09,14,39.7,21.0,3.1,5.8,6.8,15.8,6.1,7.2,0.5535638970898356
Paul Pierce,1718,2009-10,24,38.8,18.8,3.4,6.0,6.1,14.0,4.9,5.9,0.5664015425403712
Paul Pierce,1718,2010-11,9,38.1,20.8,2.8,5.0,7.6,16.4,3.3,3.8,0.5754758742806552
Paul Pierce,1718,2011-12,20,38.9,18.9,3.1,6.1,6.0,15.6,5.5,6.2,0.5156045395024007
Paul Pierce,1718,2012-13,6,42.5,19.2,5.3,5.7,6.5,17.7,4.3,4.8,0.4845548152634767
Paul Pierce,1718,2013-14,12,30.7,13.7,2.0,4.5,5.0,10.8,2.1,2.7,0.5714047380714047
Paul Pierce,1718,2014-15,10,29.8,14.6,0.9,4.2,4.8,9.9,1.7,2.0,0.6771799628942485
Paul Pierce,1718,2015-16,5,10.8,1.2,0.2,1.2,0.4,2.4,0.2,0.8,0.2180232558139535
Paul Pierce,1718,2016-17,7,14.4,3.0,1.0,2.0,1.1,2.6,0.1,0.1,0.56732223903177
Scottie Pippen,937,1987-88,10,29.4,10.0,2.4,5.2,4.6,9.9,0.5,0.7,0.4898119122257053
Scottie Pippen,937,1988-89,17,36.4,13.1,3.9,7.6,4.9,10.7,1.9,2.9,0.5469271877087508
Scottie Pippen,937,1989-90,15,40.8,19.3,5.5,7.2,6.9,14.0,4.7,6.7,0.5693887184328534
Scottie Pippen,937,1990-91,17,41.4,21.6,5.8,8.9,8.4,16.6,4.7,5.9,0.5626172119191498
Scottie Pippen,937,1991-92,22,40.9,19.5,6.7,8.8,6.9,14.8,5.4,7.0,0.5453020134228187
Scottie Pippen,937,1992-93,19,41.5,20.1,5.6,6.9,8.0,17.2,3.9,6.1,0.5054315027157514
Scottie Pippen,937,1993-94,10,38.4,22.8,4.6,8.3,8.5,19.6,4.6,5.2,0.5208333333333333
Scottie Pippen,937,1994-95,10,39.6,17.8,5.8,8.6,5.8,13.1,4.8,7.1,0.5485700197238659
Scottie Pippen,937,1995-96,18,41.2,16.9,5.9,8.5,6.2,15.9,2.8,4.4,0.4737609329446063
Scottie Pippen,937,1996-97,19,39.6,19.2,3.8,6.8,6.8,16.3,3.6,4.5,0.5251641137855579
Scottie Pippen,937,1997-98,21,39.8,16.8,5.2,7.1,5.8,14.0,4.3,6.4,0.49952426260704097
Scottie Pippen,937,1998-99,4,43.0,18.3,5.5,11.8,5.8,17.5,5.3,6.5,0.4494106090373281
Scottie Pippen,937,1999-00,16,38.4,14.9,4.3,7.1,5.2,12.4,3.3,4.4,0.5196707589285714
Scottie Pippen,937,2000-01,3,39.0,13.7,2.3,5.7,5.3,12.7,2.0,3.0,0.48858773181169757
Scottie Pippen,937,2001-02,3,33.0,16.3,5.7,9.3,6.0,13.0,2.3,2.7,0.5744290950098675
Scottie Pippen,937,2002-03,4,18.8,5.8,3.3,2.8,2.3,5.5,0.5,0.5,0.506993006993007
Willis Reed,77929,1966-67,4,37.0,27.5,1.8,13.8,10.8,20.0,6.0,6.3,0.6038116985772001
Willis Reed,77929,1967-68,6,35.0,21.3,1.8,10.3,8.8,16.3,3.7,5.0,0.5756756756756757
Willis Reed,77929,1968-69,10,42.9,25.7,1.9,14.1,10.1,19.8,5.5,7.0,0.5616258741258741
Willis Reed,77929,1969-70,18,40.7,23.7,2.8,13.8,9.9,21.0,3.9,5.3,0.5078861649237099
Willis Reed,77929,1970-71,12,42.0,15.7,2.3,12.0,6.8,16.3,2.2,3.3,0.4422036953582694
Willis Reed,77929,1972-73,17,28.6,12.5,1.8,7.6,5.7,12.2,1.1,1.2,0.4910433689503457
Willis Reed,77929,1973-74,11,12.0,3.4,0.4,2.0,1.5,4.1,0.3,0.5,0.39351851851851855
Oscar Robertson,600015,1961-62,4,46.3,28.8,11.0,11.0,10.5,20.3,7.8,9.8,0.5850804485616772
Oscar Robertson,600015,1962-63,12,47.5,31.8,9.0,13.0,10.3,22.0,11.1,12.8,0.5754198031268095
Oscar Robertson,600015,1963-64,10,47.1,29.3,8.4,8.9,9.2,20.2,10.9,12.7,0.5680936869861951
Oscar Robertson,600015,1964-65,4,48.8,28.0,12.0,4.8,9.5,22.3,9.0,9.8,0.5260784608447316
Oscar Robertson,600015,1965-66,5,44.8,31.8,7.8,7.6,9.8,24.0,12.2,13.6,0.530282817502668
Oscar Robertson,600015,1966-67,4,45.8,24.8,11.3,4.0,8.3,16.0,8.3,9.3,0.6171610591280112
Oscar Robertson,600015,1970-71,14,37.1,18.3,8.9,5.0,7.3,15.0,3.7,4.9,0.5333411051527163
Oscar Robertson,600015,1971-72,11,34.5,13.1,7.5,5.8,5.2,12.7,2.7,3.3,0.462832108535896
Oscar Robertson,600015,1972-73,6,42.7,21.2,7.5,4.7,8.0,16.0,5.2,5.7,0.5727253079749298
Oscar Robertson,600015,1973-74,16,43.1,14.0,9.3,3.4,5.6,12.5,2.8,3.3,0.5017201834862385
David Robinson,764,1989-90,10,37.5,24.3,2.3,12.0,8.9,16.7,6.5,9.6,0.5806729114891991
David Robinson,764,1990-91,4,41.5,25.8,2.0,13.5,8.8,12.8,8.3,9.5,0.7597173144876325
David Robinson,764,1992-93,10,42.1,23.1,4.0,12.6,7.9,17.0,7.3,11.0,0.5288461538461539
David Robinson,764,1993-94,4,36.5,20.0,3.5,10.0,7.5,18.3,5.0,6.8,0.4696599661844824
David Robinson,764,1994-95,15,41.5,25.3,3.1,12.1,8.6,19.3,8.1,9.9,0.5347480554616165
David Robinson,764,1995-96,10,35.3,23.6,2.4,10.1,8.3,16.1,7.0,10.5,0.5694980694980695
David Robinson,764,1997-98,9,39.2,19.4,2.6,14.1,6.3,14.9,6.8,10.7,0.4946960424316605
David Robinson,764,1998-99,17,35.3,15.6,2.5,9.9,5.1,10.6,5.4,7.4,0.562933025404157
David Robinson,764,1999-00,4,38.8,23.5,2.5,13.8,7.8,20.8,8.0,10.5,0.46223446105428795
David Robinson,764,2000-01,13,31.5,16.6,1.7,11.8,5.8,12.2,5.1,7.3,0.5385413963145602
David Robinson,764,2001-02,4,20.3,4.5,1.3,5.8,2.3,4.8,0.0,1.0,0.4293893129770992
David Robinson,764,2002-03,23,23.4,7.8,0.9,6.6,2.8,5.1,2.3,3.4,0.5912674348089751
Dennis Rodman,23,1986-87,15,16.3,6.5,0.2,4.7,2.7,4.9,1.2,2.1,0.5580357142857142
Dennis Rodman,23,1987-88,23,20.6,7.1,0.9,5.9,3.1,5.9,1.0,2.3,0.513599537037037
Dennis Rodman,23,1988-89,17,24.1,5.8,0.9,10.0,2.2,4.1,1.4,2.1,0.5772292993630573
Dennis Rodman,23,1989-90,19,29.5,6.6,0.9,8.5,2.8,5.0,0.9,1.8,0.5697513812154696
Dennis Rodman,23,1990-91,15,33.0,6.3,0.9,11.8,2.7,6.1,0.7,1.6,0.46296296296296297
Dennis Rodman,23,1991-92,5,31.2,7.2,1.8,10.2,3.2,5.4,0.8,1.6,0.5897771952817824
Dennis Rodman,23,1993-94,3,38.0,8.3,0.7,16.0,4.0,8.0,0.3,2.0,0.46734234234234234
Dennis Rodman,23,1994-95,14,32.8,8.9,1.3,14.8,3.7,6.9,1.4,2.5,0.55625
Dennis Rodman,23,1995-96,18,34.4,7.5,2.1,13.7,2.8,5.7,1.9,3.3,0.5243288590604027
Dennis Rodman,23,1996-97,19,28.2,4.2,1.4,8.4,1.6,4.3,0.8,1.4,0.4271765663140765
Dennis Rodman,23,1997-98,21,34.4,4.9,2.0,11.8,1.9,5.0,1.1,1.8,0.4229972375690608
Bill Russell,78049,1956-57,10,40.9,13.9,3.2,24.4,5.4,14.8,3.1,6.1,0.3975062914664836
Bill Russell,78049,1957-58,9,39.4,15.1,2.7,24.6,5.3,14.8,4.4,7.3,0.41916500111037086
Bill Russell,78049,1958-59,11,45.1,15.5,3.6,27.7,5.9,14.5,3.7,6.1,0.45100093109869643
Bill Russell,78049,1959-60,13,44.0,18.5,2.9,25.8,7.2,15.8,4.1,5.8,0.5040322580645161
Bill Russell,78049,1960-61,10,46.2,19.1,4.8,29.9,7.3,17.1,4.5,8.6,0.45728787588584563
Bill Russell,78049,1961-62,14,48.0,22.4,5.0,26.4,8.3,18.1,5.9,8.1,0.51698670605613
Bill Russell,78049,1962-63,13,47.5,20.3,5.1,25.1,7.4,16.3,5.5,8.4,0.5076015203040608
Bill Russell,78049,1963-64,10,45.1,13.1,4.4,27.2,4.7,13.2,3.7,6.7,0.4056229873668566
Bill Russell,78049,1964-65,12,46.8,16.5,6.3,25.2,6.6,12.5,3.3,6.3,0.5402042954426401
Bill Russell,78049,1965-66,17,47.9,19.1,5.0,25.2,7.3,15.4,4.5,7.2,0.5143257216716932
Bill Russell,78049,1966-67,9,43.3,10.6,5.6,22.0,3.4,9.6,3.7,5.8,0.4361421988150099
Bill Russell,78049,1967-68,19,45.7,14.4,5.2,22.8,5.2,12.7,4.0,6.8,0.4588325261279633
Bill Russell,78049,1968-69,18,46.1,10.8,5.4,20.5,4.3,10.1,2.3,4.5,0.4470198675496689
Dolph Schayes,78076,1949-50,11,,17.1,2.5,,5.2,13.5,6.7,9.2,0.48723501253704127
Dolph Schayes,78076,1950-51,7,,20.4,2.9,14.6,6.7,15.0,7.0,9.1,0.536729109661124
Dolph Schayes,78076,1951-52,7,35.4,20.3,2.1,12.9,5.9,13.0,8.6,11.1,0.5675464101990606
Dolph Schayes,78076,1952-53,2,29.0,9.0,0.5,8.5,2.0,8.0,5.0,6.5,0.4143646408839779
Dolph Schayes,78076,1953-54,13,28.8,16.0,1.8,10.5,4.9,10.8,6.2,8.3,0.5535566011624687
Dolph Schayes,78076,1954-55,11,33.0,19.0,3.6,12.8,5.5,15.2,8.1,9.6,0.4890856672158155
Dolph Schayes,78076,1955-56,8,38.8,22.1,3.4,13.9,6.5,17.8,9.1,10.4,0.49383267786914553
Dolph Schayes,78076,1956-57,5,43.0,21.4,2.8,18.0,5.8,19.0,9.8,11.0,0.44882550335570465
Dolph Schayes,78076,1957-58,3,43.7,26.7,2.0,15.0,8.3,21.3,10.0,12.0,0.5022573363431151
Dolph Schayes,78076,1958-59,9,39.0,28.2,4.6,13.0,8.7,21.7,10.9,11.9,0.5234630234630234
Dolph Schayes,78076,1959-60,3,42.0,29.3,2.7,16.0,10.0,22.0,9.3,10.0,0.5549242424242424
Dolph Schayes,78076,1960-61,8,38.5,20.6,2.6,11.4,6.4,19.0,7.9,8.8,0.45033228401539005
Dolph Schayes,78076,1961-62,5,19.0,11.4,1.0,7.0,4.8,13.2,1.8,2.6,0.39737869492470723
Dolph Schayes,78076,1962-63,5,21.6,10.2,1.4,5.6,4.0,8.8,2.2,2.4,0.5174512987012986
Bill Sharman,78126,1951-52,1,27.0,15.0,7.0,3.0,7.0,12.0,1.0,1.0,0.6028938906752411
Bill Sharman,78126,1952-53,6,33.5,11.7,2.5,2.5,3.3,10.0,5.0,5.3,0.4743756081738566
Bill Sharman,78126,1953-54,6,34.3,18.8,1.7,4.2,5.8,13.5,7.2,8.3,0.5480410447761194
Bill Sharman,78126,1954-55,7,41.4,20.7,5.4,5.4,7.9,15.7,5.0,5.4,0.5725824297410931
Bill Sharman,78126,1955-56,3,39.7,17.3,4.0,2.3,6.0,15.3,5.3,5.7,0.4857367475292004
Bill Sharman,78126,1956-57,10,37.7,21.1,2.9,3.5,7.5,19.7,6.1,6.4,0.46855569372890393
Bill Sharman,78126,1957-58,11,36.9,21.1,2.3,4.9,8.2,20.1,4.7,5.1,0.4721625492302184
Bill Sharman,78126,1958-59,11,29.3,20.1,2.5,3.3,7.5,17.5,5.2,5.4,0.5056349366069631
Bill Sharman,78126,1959-60,13,28.0,16.8,1.5,3.5,6.8,16.1,3.3,4.1,0.4691689008042896
Bill Sharman,78126,1960-61,10,26.1,16.8,1.7,2.7,6.8,13.3,3.2,3.6,0.5643644181671594
John Stockton,304,1984-85,10,18.6,6.8,4.3,2.8,2.1,4.5,2.6,3.5,0.5629139072847682
John Stockton,304,1985-86,4,18.3,6.8,3.5,1.5,2.3,4.3,2.0,2.3,0.6400602409638555
John Stockton,304,1986-87,5,31.4,10.0,8.0,2.2,3.6,5.8,2.0,2.6,0.7200460829493087
John Stockton,304,1987-88,11,43.5,19.5,14.8,4.1,6.2,12.2,6.8,8.3,0.6150643451930355
John Stockton,304,1988-89,3,46.3,27.3,13.7,3.3,10.0,19.7,6.3,7.0,0.5992098331870062
John Stockton,304,1989-90,5,38.8,15.0,15.0,3.2,5.8,13.8,3.2,4.0,0.4820051413881748
John Stockton,304,1990-91,9,41.4,18.2,13.8,4.7,6.4,12.0,4.1,4.9,0.6428369595931054
John Stockton,304,1991-92,16,38.9,14.8,13.6,2.9,4.8,11.4,4.1,4.9,0.5458837415166716
John Stockton,304,1992-93,5,38.6,13.2,11.0,2.4,4.6,10.2,3.0,3.6,0.560081466395112
John Stockton,304,1993-94,16,37.3,14.4,9.8,3.3,5.5,12.1,3.2,3.9,0.5211349160393747
John Stockton,304,1994-95,5,38.6,17.8,10.2,3.4,6.8,14.8,2.6,3.4,0.546146293568974
John Stockton,304,1995-96,18,37.7,11.1,10.8,3.2,3.9,8.7,2.7,3.3,0.5466903073286052
John Stockton,304,1996-97,20,37.0,16.1,9.6,3.9,5.7,10.9,3.9,4.5,0.625
John Stockton,304,1997-98,20,29.8,11.1,7.8,3.0,4.1,8.2,2.6,3.6,0.5672526573998365
John Stockton,304,1998-99,11,32.0,11.1,8.4,3.3,3.8,9.5,3.1,4.2,0.489072964399013
John Stockton,304,1999-00,10,35.0,11.2,10.3,3.0,4.1,8.9,2.3,3.0,0.547945205479452
John Stockton,304,2000-01,5,37.2,9.8,11.4,5.6,3.4,7.4,3.0,4.2,0.5298442906574394
John Stockton,304,2001-02,4,35.3,12.5,10.0,4.0,4.5,10.0,3.0,3.3,0.5457561997904297
John Stockton,304,2002-03,5,29.8,11.2,5.2,3.2,3.6,7.8,4.0,4.0,0.5857740585774058
Isiah Thomas,78318,1983-84,5,39.6,21.4,11.0,3.8,7.8,16.6,5.4,7.0,0.5436991869918699
Isiah Thomas,78318,1984-85,9,39.4,24.3,11.2,5.2,9.2,18.4,5.2,6.9,0.566803508117186
Isiah Thomas,78318,1985-86,4,40.8,26.5,12.0,5.5,10.3,22.8,6.0,9.0,0.4951420029895366
Isiah Thomas,78318,1986-87,15,37.5,24.1,8.7,4.5,8.9,19.8,5.5,7.3,0.5236398400834348
Isiah Thomas,78318,1987-88,23,39.6,21.9,8.7,4.7,8.0,18.2,5.4,6.6,0.5188589840788476
Isiah Thomas,78318,1988-89,17,37.2,18.2,8.3,4.3,6.8,16.4,4.2,5.6,0.48240033927056836
Isiah Thomas,78318,1989-90,20,37.9,20.5,8.2,5.5,7.4,16.0,4.1,5.1,0.5618285463714098
Isiah Thomas,78318,1990-91,13,33.5,13.5,8.5,4.2,4.6,11.5,3.8,5.3,0.4879988432620011
Isiah Thomas,78318,1991-92,5,40.0,14.0,7.4,5.2,4.4,13.0,4.4,5.6,0.4526642524573202
Nate Thurmond,600001,1963-64,12,34.2,10.0,1.0,12.3,3.5,8.2,3.0,4.4,0.49329123914759276
Nate Thurmond,600001,1966-67,15,46.0,15.9,3.1,23.1,6.2,14.3,3.5,6.1,0.46808761186999526
Nate Thurmond,600001,1968-69,6,43.8,16.7,4.7,19.5,6.7,17.0,3.3,5.7,0.4280295263481649
Nate Thurmond,600001,1970-71,5,38.4,17.6,3.0,10.2,7.2,19.4,3.2,4.0,0.41587901701323254
Nate Thurmond,600001,1971-72,5,46.0,25.4,5.2,17.8,10.6,24.4,4.2,5.6,0.4727516378796903
Nate Thurmond,600001,1972-73,11,41.8,14.5,3.6,13.2,5.8,14.6,2.9,3.6,0.4479733069698467
Nate Thurmond,600001,1974-75,13,19.5,3.5,2.4,6.7,1.1,2.9,1.4,2.8,0.4235237173281704
Nate Thurmond,600001,1975-76,13,28.8,6.7,2.2,9.0,2.8,6.1,1.0,2.5,0.46527777777777785
Nate Thurmond,600001,1976-77,1,1.0,0.0,0.0,1.0,0.0,0.0,0.0,0.0,
Wes Unseld,78392,1968-69,4,41.3,18.8,1.3,18.5,7.5,14.3,3.8,4.8,0.5727516451377042
Wes Unseld,78392,1969-70,7,41.3,10.4,3.4,23.6,4.1,10.0,2.1,2.7,0.4647836968180193
Wes Unseld,78392,1970-71,18,42.2,13.2,3.8,18.8,5.3,11.6,2.6,4.5,0.48600883652430044
Wes Unseld,78392,1971-72,6,44.3,12.3,4.2,12.5,5.3,10.8,1.7,3.2,0.5037680209698558
Wes Unseld,78392,1972-73,5,40.2,9.8,3.4,15.2,4.0,9.6,1.8,3.8,0.4347054648687012
Wes Unseld,78392,1973-74,7,42.4,10.1,3.9,12.1,4.4,9.0,1.3,2.1,0.5088673921805723
Wes Unseld,78392,1974-75,17,43.2,10.7,3.8,16.2,4.2,7.6,2.4,3.6,0.5825348432055749
Wes Unseld,78392,1975-76,7,44.3,7.0,4.0,12.1,2.6,5.6,1.9,3.4,0.4932356257046223
Wes Unseld,78392,1976-77,9,40.9,7.4,4.9,11.7,3.3,6.0,0.8,1.3,0.5629945222154595
Wes Unseld,78392,1977-78,18,37.6,9.4,4.4,12.0,3.9,7.4,1.5,2.6,0.5500936329588015
Wes Unseld,78392,1978-79,19,38.7,10.3,3.4,13.3,4.1,8.3,2.1,3.4,0.5257247856267864
Wes Unseld,78392,1979-80,2,43.5,9.0,3.5,14.0,3.5,7.0,2.0,3.0,0.5408653846153846
Dwyane Wade,2548,2003-04,13,39.2,18.0,5.6,4.0,6.6,14.5,4.5,5.8,0.5277973258268824
Dwyane Wade,2548,2004-05,14,40.8,27.4,6.6,5.7,9.7,20.1,7.9,9.9,0.5601897284919856
Dwyane Wade,2548,2005-06,23,41.7,28.4,5.7,5.9,9.5,19.2,8.8,10.9,0.5917652942157027
Dwyane Wade,2548,2006-07,4,40.5,23.5,6.3,4.8,9.0,21.0,5.5,8.0,0.47920065252854815
Dwyane Wade,2548,2008-09,7,40.7,29.1,5.3,5.0,9.7,22.1,7.1,8.3,0.565004659832246
Dwyane Wade,2548,2009-10,5,42.0,33.2,6.8,5.6,12.4,22.0,5.4,8.0,0.6504702194357368
Dwyane Wade,2548,2010-11,21,39.4,24.5,4.4,7.1,8.6,17.8,6.6,8.5,0.5687093779015785
Dwyane Wade,2548,2011-12,23,39.4,22.8,4.3,5.2,8.6,18.5,5.3,7.2,0.526121469448034
Dwyane Wade,2548,2012-13,22,35.5,15.9,4.8,4.6,6.5,14.3,2.7,3.6,0.5005036514731805
Dwyane Wade,2548,2013-14,20,34.7,17.8,3.9,3.9,7.0,13.9,3.5,4.5,0.5604534005037783
Dwyane Wade,2548,2015-16,14,33.8,21.4,4.3,5.6,8.5,18.1,3.6,4.6,0.5317034386801828
Dwyane Wade,2548,2016-17,6,31.7,15.0,4.0,5.0,5.3,14.3,3.3,3.5,0.4734848484848485
Dwyane Wade,2548,2017-18,5,25.4,16.6,3.6,4.2,6.2,14.0,4.2,5.2,0.5095776031434185
Bill Walton,78450,1976-77,19,39.7,18.2,5.5,15.2,8.1,15.9,2.1,3.0,0.5284552845528455
Bill Walton,78450,1977-78,2,24.5,13.5,2.0,11.0,5.5,9.0,2.5,3.5,0.6404174573055029
Bill Walton,78450,1985-86,16,18.2,7.9,1.7,6.4,3.4,5.8,1.2,1.4,0.6156483790523691
Bill Walton,78450,1986-87,12,8.5,2.4,0.8,2.6,1.0,2.1,0.4,1.2,0.45662100456621
Jerry West,78497,1960-61,12,38.4,22.9,5.3,8.7,8.3,16.8,6.4,8.8,0.5538893188854489
Jerry West,78497,1961-62,13,42.8,31.5,4.4,6.8,11.1,23.8,9.3,11.5,0.5457380457380457
Jerry West,78497,1962-63,13,41.4,27.8,4.7,8.2,11.1,22.0,5.7,7.7,0.5475027572081299
Jerry West,78497,1963-64,5,41.2,31.2,3.4,7.2,11.4,23.0,8.4,10.6,0.5639097744360901
Jerry West,78497,1964-65,11,42.7,40.6,5.3,5.7,14.1,31.9,12.5,14.0,0.5333683657383079
Jerry West,78497,1965-66,14,44.2,34.2,5.6,6.3,13.2,25.5,7.8,8.9,0.5813162904541747
Jerry West,78497,1966-67,1,1.0,0.0,0.0,1.0,0.0,0.0,0.0,0.0,
Jerry West,78497,1967-68,15,41.5,30.8,5.5,5.4,11.0,20.9,8.8,11.3,0.5952380952380952
Jerry West,78497,1968-69,18,42.1,30.9,7.5,3.9,10.9,23.5,9.1,11.3,0.542638381567856
Jerry West,78497,1969-70,18,46.1,31.2,8.4,3.7,10.9,23.2,9.4,11.8,0.5494505494505495
Jerry West,78497,1971-72,15,40.5,22.9,8.9,4.9,8.5,22.7,5.9,7.1,0.4433859975216853
Jerry West,78497,1972-73,17,37.5,23.6,7.8,4.5,8.9,19.8,5.8,7.5,0.5108225108225108
Jerry West,78497,1973-74,1,14.0,4.0,1.0,2.0,2.0,9.0,0.0,0.0,0.2222222222222222
Russell Westbrook,201566,2009-10,6,35.3,20.5,6.0,6.0,7.2,15.2,5.3,6.3,0.5703316269752949
Russell Westbrook,201566,2010-11,17,37.5,23.8,6.4,5.4,7.9,20.2,7.1,8.4,0.49799129561432876
Russell Westbrook,201566,2011-12,20,38.4,23.1,5.9,5.5,8.9,20.4,4.5,5.6,0.5051609517144857
Russell Westbrook,201566,2012-13,2,34.0,24.0,7.0,6.5,8.5,20.5,6.0,7.0,0.5089058524173028
Russell Westbrook,201566,2013-14,19,38.7,26.7,8.1,7.3,8.8,20.9,7.6,8.6,0.5408361691784153
Russell Westbrook,201566,2015-16,18,37.4,26.0,11.0,6.9,8.8,21.8,6.4,7.8,0.5152187698161066
Russell Westbrook,201566,2016-17,5,38.8,37.4,10.8,11.6,11.8,30.4,11.2,14.0,0.511487964989059
Russell Westbrook,201566,2017-18,6,39.2,29.3,7.5,12.0,10.7,26.8,5.5,6.7,0.49247008202232084
Russell Westbrook,201566,2018-19,5,39.4,22.8,10.6,9.0,8.0,22.2,4.6,5.2,0.46553413917020586
Russell Westbrook,201566,2019-20,8,32.8,17.9,4.6,7.0,7.4,17.5,2.1,4.0,0.464693665628245
Russell Westbrook,201566,2020-21,5,37.2,19.0,11.8,10.4,5.6,16.8,6.8,8.6,0.4615235134084726
Russell Westbrook,201566,2022-23,5,38.4,23.6,7.4,7.6,8.6,21.0,4.4,5.0,0.5086206896551725
Russell Westbrook,201566,2023-24,6,19.0,6.3,1.7,4.2,2.2,8.3,1.3,2.2,0.3398791540785498
Russell Westbrook,201566,2024-25,13,24.1,11.7,2.6,3.7,4.0,10.2,2.2,3.1,0.5058803182289865
Lenny Wilkens,78530,1960-61,12,36.4,14.2,3.5,6.0,5.3,13.8,3.7,4.8,0.4462041226747109
Lenny Wilkens,78530,1962-63,11,36.4,13.7,6.3,6.3,5.2,14.0,3.4,4.5,0.42866082603254063
Lenny Wilkens,78530,1963-64,12,34.4,14.3,5.3,5.0,5.3,11.9,3.7,4.8,0.5102769055095633
Lenny Wilkens,78530,1964-65,4,36.8,16.0,3.8,3.0,5.0,14.3,6.0,7.3,0.4568296025582458
Lenny Wilkens,78530,1965-66,10,39.1,17.1,7.0,5.4,5.7,14.3,5.7,8.3,0.4762700534759358
Lenny Wilkens,78530,1966-67,9,42.0,21.4,7.2,7.6,6.4,16.1,8.6,10.0,0.5219512195121951
Lenny Wilkens,78530,1967-68,6,39.5,18.3,7.8,6.3,6.7,15.2,5.0,6.7,0.5041877892880758
Dominique Wilkins,1122,1982-83,3,36.3,15.7,0.3,5.0,5.7,14.0,4.0,4.7,0.48854866816031856
Dominique Wilkins,1122,1983-84,5,39.4,19.2,2.2,8.2,7.0,16.8,5.2,6.2,0.49160180253994257
Dominique Wilkins,1122,1985-86,9,40.0,28.6,2.8,6.0,10.4,24.1,7.6,8.8,0.5112255112255112
Dominique Wilkins,1122,1986-87,9,40.0,26.8,2.8,7.8,9.6,23.3,7.3,8.2,0.49799316188494125
Dominique Wilkins,1122,1987-88,12,39.4,31.2,2.8,6.4,11.4,25.0,8.0,10.4,0.5274546929943197
Dominique Wilkins,1122,1988-89,5,42.4,27.2,3.4,5.4,10.4,23.2,5.4,7.6,0.5123568414707655
Dominique Wilkins,1122,1990-91,5,39.0,20.8,2.6,6.4,7.0,18.8,6.4,7.0,0.4753199268738574
Dominique Wilkins,1122,1992-93,3,37.7,30.0,3.0,5.3,10.7,25.0,7.7,10.0,0.5102040816326531
Dominique Wilkins,1122,1994-95,4,37.5,19.0,2.0,10.8,6.5,15.3,4.0,4.5,0.5497685185185185
Dominique Wilkins,1122,1998-99,1,3.0,2.0,0.0,0.0,1.0,2.0,0.0,0.0,0.5
James Worthy,1460,1983-84,21,33.7,17.7,2.7,5.0,7.8,13.0,2.0,3.3,0.6123719900359812
James Worthy,1460,1984-85,19,32.9,21.5,2.2,5.1,8.7,14.1,3.9,5.8,0.6455680999279365
James Worthy,1460,1985-86,14,38.5,19.6,3.2,4.6,8.6,15.5,2.3,3.4,0.5766062602965405
James Worthy,1460,1986-87,18,37.8,23.6,3.5,5.6,9.8,16.6,4.1,5.4,0.6218381112984822
James Worthy,1460,1987-88,24,37.3,21.1,4.4,5.8,8.5,16.3,4.0,5.3,0.5662301416917132
James Worthy,1460,1988-89,15,40.0,24.8,2.8,6.7,10.2,18.0,4.2,5.3,0.60987605744639
James Worthy,1460,1989-90,9,40.7,24.2,3.0,5.6,10.0,20.1,4.0,4.8,0.5447505852692237
James Worthy,1460,1990-91,18,40.7,21.1,3.9,4.1,8.9,19.2,2.9,4.0,0.5033396946564885
James Worthy,1460,1992-93,5,29.6,13.8,2.6,3.4,6.4,17.2,0.6,1.0,0.391156462585034
Luka Doncic,1629029,2019-20,6,35.8,31.0,8.7,9.8,10.7,21.3,7.0,10.7,0.5959704706244233
Luka Doncic,1629029,2020-21,7,40.1,35.7,10.3,7.9,13.7,28.0,3.9,7.3,0.5718954248366014
Luka Doncic,1629029,2021-22,15,36.8,31.7,6.4,9.8,10.7,23.5,6.9,9.0,0.5772032046613256
Luka Doncic,1629029,2023-24,22,40.9,28.9,8.1,9.5,10.2,22.9,5.3,7.0,0.5561970746728253
Luka Doncic,1629029,2024-25,5,41.6,30.2,5.8,7.0,9.4,20.8,8.2,9.2,0.6076947842884739
Nikola Jokic,203999,2018-19,14,39.7,25.1,8.4,13.0,9.4,18.6,4.7,5.6,0.5958032662362325
Nikola Jokic,203999,2019-20,19,36.5,24.4,5.7,9.8,9.4,18.1,3.5,4.2,0.6115901343493082
Nikola Jokic,203999,2020-21,10,34.5,29.8,5.0,11.6,11.6,22.8,4.6,5.5,0.5908009516256939
Nikola Jokic,203999,2021-22,5,34.2,31.0,5.8,13.2,12.2,21.2,5.6,6.6,0.643046797212081
Nikola Jokic,203999,2022-23,20,39.5,30.0,9.5,13.5,11.4,20.7,5.6,7.0,0.6307821698906644
Nikola Jokic,203999,2023-24,12,40.2,28.7,8.7,13.4,11.1,20.3,5.3,5.9,0.6267470300489169
Nikola Jokic,203999,2024-25,14,40.2,26.2,8.0,12.7,9.4,19.1,5.6,7.2,0.5882881264594934
Joel Embiid,203954,2017-18,8,34.8,21.4,3.0,12.6,7.5,17.3,5.4,7.6,0.5183104049602789
Joel Embiid,203954,2018-19,11,30.4,20.2,3.4,10.5,6.2,14.5,6.7,8.2,0.5577645239673072
Joel Embiid,203954,2019-20,4,36.3,30.0,1.3,12.3,8.5,18.5,12.0,14.8,0.5997121381736766
Joel Embiid,203954,2020-21,11,32.5,28.1,3.4,10.5,9.2,17.9,8.3,9.9,0.6312904385334293
Joel Embiid,203954,2021-22,10,38.5,23.6,2.1,10.7,7.8,16.1,7.3,8.9,0.5895283772981614
Joel Embiid,203954,2022-23,9,37.3,23.7,2.7,9.8,7.3,17.0,8.4,9.3,0.5618243883937037
Joel Embiid,203954,2023-24,6,41.3,33.0,5.7,10.8,9.8,22.2,11.2,13.0,0.5909742120343839
Shai Gilgeous-Alexander,1628983,2018-19,6,28.8,13.7,3.2,2.7,4.7,10.0,2.8,3.3,0.5981487949703108
Shai Gilgeous-Alexander,1628983,2019-20,7,39.9,16.3,4.1,5.3,5.6,12.9,3.1,3.3,0.5678651059085842
Shai Gilgeous-Alexander,1628983,2023-24,10,39.9,30.2,6.4,7.2,11.1,22.4,6.4,8.1,0.5815744877522724
Shai Gilgeous-Alexander,1628983,2024-25,23,37.0,29.9,6.5,5.3,10.1,21.9,8.3,9.4,0.5742049469964664
Jayson Tatum,1628369,2017-18,19,35.9,18.5,2.7,4.4,6.5,13.7,4.3,5.1,0.580155544405419
Jayson Tatum,1628369,2018-19,9,32.8,15.2,1.9,6.7,5.4,12.4,3.2,4.3,0.531766022949902
Jayson Tatum,1628369,2019-20,17,40.6,25.7,5.0,10.0,8.5,19.6,5.9,7.2,0.5643886156008433
Jayson Tatum,1628369,2020-21,5,37.0,30.6,4.6,5.8,9.4,22.2,9.0,9.8,0.5770971635485818
Jayson Tatum,1628369,2021-22,24,41.0,25.6,6.2,6.7,8.4,19.7,5.7,7.1,0.5608131791097092
Jayson Tatum,1628369,2022-23,20,40.0,27.2,5.3,10.5,9.3,20.2,6.0,6.9,0.585298674470649
Jayson Tatum,1628369,2023-24,19,40.4,25.0,6.3,9.7,8.4,19.6,6.2,7.2,0.5490161630358398
Jayson Tatum,1628369,2024-25,8,40.3,28.1,5.4,11.5,9.3,21.9,6.0,6.8,0.5644383737747067
Anthony Edwards,1630162,2021-22,6,37.8,25.2,3.0,4.2,8.3,18.3,4.7,5.7,0.6055363321799307
Anthony Edwards,1630162,2022-23,5,39.8,31.6,5.2,5.0,11.0,22.8,6.6,7.8,0.602317779810918
Anthony Edwards,1630162,2023-24,16,40.6,27.6,6.5,7.0,9.8,20.3,5.2,6.4,0.5969890984599412
Anthony Edwards,1630162,2024-25,15,39.0,25.3,5.5,7.8,9.0,19.9,4.3,5.9,0.5623221906116643
Devin Booker,1626164,2020-21,22,40.4,27.3,4.5,5.6,9.6,21.5,6.0,6.7,0.5583278795811518
Devin Booker,1626164,2021-22,10,36.6,23.3,4.4,4.8,7.9,17.5,4.7,5.3,0.5874344493747479
Devin Booker,1626164,2022-23,11,41.7,33.7,7.2,4.8,12.8,21.9,5.3,6.1,0.6854051415554833
Devin Booker,1626164,2023-24,4,41.5,27.5,6.0,3.3,8.0,16.3,9.8,10.3,0.660042242703533
Ja Morant,1629630,2020-21,5,40.6,30.2,8.2,4.8,11.0,22.6,6.2,8.0,0.5781010719754976
Ja Morant,1629630,2021-22,9,37.6,27.1,9.8,8.0,9.0,20.4,7.2,9.7,0.5492946327225556
Ja Morant,1629630,2022-23,5,37.4,24.6,7.0,6.8,9.0,21.2,4.0,5.2,0.5236716621253407
Ja Morant,1629630,2024-25,3,27.3,18.3,5.0,2.0,7.3,17.7,2.3,3.7,0.4734064569536424
Donovan Mitchell,1628378,2017-18,11,37.4,24.4,4.2,5.9,9.3,22.1,3.5,3.9,0.512260665099093
Donovan Mitchell,1628378,2018-19,5,38.6,21.4,3.2,5.0,7.2,22.4,4.8,6.6,0.4228580461587101
Donovan Mitchell,1628378,2019-20,7,37.7,36.3,4.9,5.0,11.9,22.4,7.9,8.3,0.6966835559649931
Donovan Mitchell,1628378,2020-21,10,34.6,32.3,5.5,4.2,10.5,23.5,6.3,7.6,0.6016241990761436
Donovan Mitchell,1628378,2021-22,6,38.3,25.5,5.7,4.3,8.8,22.2,6.2,7.0,0.5043512658227848
Donovan Mitchell,1628378,2022-23,5,41.4,23.2,7.2,5.0,9.0,20.8,2.6,3.6,0.5182273052180129
Donovan Mitchell,1628378,2023-24,10,38.2,29.6,4.7,5.4,10.7,22.5,5.3,6.5,0.583596214511041
Donovan Mitchell,1628378,2024-25,9,32.0,29.6,3.9,4.7,9.6,21.6,7.3,9.9,0.5701957158267837
Kyrie Irving,202681,2014-15,13,35.7,19.0,3.8,3.6,6.2,14.2,4.5,5.3,0.5746431163803533
Kyrie Irving,202681,2015-16,21,36.9,25.2,4.7,3.0,9.6,20.1,3.7,4.2,0.5740841990158556
Kyrie Irving,202681,2016-17,18,36.3,25.9,5.3,2.8,9.6,20.6,4.2,4.7,0.5712899241221103
Kyrie Irving,202681,2018-19,9,36.7,21.3,7.0,4.3,7.7,19.9,4.0,4.4,0.4877266898699396
Kyrie Irving,202681,2020-21,9,36.1,22.7,3.4,5.8,8.6,18.1,2.9,3.1,0.5831278257295519
Kyrie Irving,202681,2021-22,4,42.5,21.3,5.3,5.3,7.0,15.8,5.3,5.3,0.587359364659166
Kyrie Irving,202681,2023-24,22,40.0,22.1,5.1,3.7,8.5,18.1,2.8,3.3,0.5651595744680852
Jimmy Butler,202710,2011-12,3,1.3,0.0,0.0,0.0,0.0,0.0,0.0,0.0,
Jimmy Butler,202710,2012-13,12,40.8,13.3,2.7,5.2,4.2,9.6,3.8,4.6,0.5720922229869237
Jimmy Butler,202710,2013-14,5,43.6,13.6,2.2,5.2,4.4,11.4,3.6,4.6,0.5065554231227652
Jimmy Butler,202710,2014-15,12,42.2,22.9,3.2,5.6,7.8,17.8,4.9,6.0,0.5601761252446184
Jimmy Butler,202710,2016-17,6,39.8,22.7,4.3,7.3,7.7,18.0,6.3,7.8,0.5295819335572975
Jimmy Butler,202710,2017-18,5,34.0,15.8,4.0,6.0,5.6,12.6,3.0,3.6,0.5569655950366611
Jimmy Butler,202710,2018-19,12,35.1,19.4,5.2,6.0,6.6,14.6,5.3,6.0,0.5626450116009281
Jimmy Butler,202710,2019-20,21,38.4,22.2,6.0,6.5,6.9,14.0,7.8,9.1,0.6165296600755388
Jimmy Butler,202710,2020-21,4,38.5,14.5,7.0,7.5,4.8,16.0,4.0,5.5,0.3935939196525515
Jimmy Butler,202710,2021-22,17,37.0,27.4,4.6,7.4,9.8,19.3,6.5,7.8,0.6026746436741157
Jimmy Butler,202710,2022-23,22,39.7,26.9,5.9,6.5,9.4,20.1,6.8,8.5,0.5641778523489932
Jimmy Butler,202710,2024-25,11,36.1,19.2,5.2,6.6,6.2,13.8,5.8,7.3,0.5643075476134493
Tracy McGrady,1503,1999-00,3,37.0,16.7,3.0,7.0,5.7,14.7,4.7,5.3,0.4902536402066698
Tracy McGrady,1503,2000-01,4,44.5,33.8,8.3,6.5,12.8,30.8,7.8,9.5,0.4831332189822755
Tracy McGrady,1503,2001-02,4,44.5,30.8,5.5,6.3,10.5,22.8,8.5,11.5,0.5527638190954774
Tracy McGrady,1503,2002-03,7,44.0,31.7,4.7,6.7,10.6,23.6,8.3,10.7,0.5599123922566059
Tracy McGrady,1503,2004-05,7,43.0,30.7,6.7,7.4,11.1,24.4,6.0,7.3,0.5559177169346661
Tracy McGrady,1503,2006-07,7,40.0,25.3,7.3,5.9,9.0,22.9,6.0,8.1,0.47800785973397825
Tracy McGrady,1503,2007-08,6,41.2,27.0,6.8,8.2,10.3,24.3,5.5,8.8,0.47919920488428225
Tracy McGrady,1503,2011-12,6,15.0,4.2,1.0,2.8,1.7,4.3,0.8,1.0,0.4430379746835443
Tracy McGrady,1503,2012-13,6,5.2,0.0,1.2,1.3,0.0,1.2,0.0,0.0,0.0
Yao Ming,2397,2003-04,5,37.0,15.0,1.8,7.4,6.2,13.6,2.6,3.4,0.4968203497615262
Yao Ming,2397,2004-05,7,31.4,21.4,0.7,7.7,7.9,12.0,5.7,7.9,0.6913931248384595
Yao Ming,2397,2006-07,7,37.1,25.1,0.9,10.3,7.9,17.9,9.4,10.7,0.5551132342533618
Yao Ming,2397,2008-09,9,35.9,17.1,1.0,10.9,6.0,11.0,5.1,5.7,0.6329582469647617
Dwight Howard,2730,2006-07,4,41.8,15.3,1.8,14.8,5.8,10.5,3.8,8.3,0.54055963821368
Dwight Howard,2730,2007-08,10,42.1,18.9,0.9,15.8,7.2,12.4,4.5,8.3,0.5887116870171941
Dwight Howard,2730,2008-09,23,39.3,20.3,1.9,15.3,7.0,11.7,6.3,9.9,0.6321624314897859
Dwight Howard,2730,2009-10,14,35.5,18.1,1.4,11.1,6.1,10.0,5.9,11.3,0.6044616617686348
Dwight Howard,2730,2010-11,6,43.0,27.0,0.5,15.5,8.5,13.5,10.0,14.7,0.6760817307692307
Dwight Howard,2730,2012-13,4,31.5,17.0,1.0,10.8,6.5,10.5,4.0,9.0,0.5878284923928077
Dwight Howard,2730,2013-14,6,38.5,26.0,1.8,13.7,9.7,17.7,6.7,10.7,0.5801499464476974
Dwight Howard,2730,2014-15,17,33.8,16.4,1.2,14.0,6.2,10.7,4.0,9.7,0.5478353821485836
Dwight Howard,2730,2015-16,5,36.0,13.2,1.6,14.0,5.2,9.6,2.8,7.6,0.5098887515451175
Dwight Howard,2730,2016-17,6,26.2,8.0,1.3,10.7,3.0,6.0,2.0,3.2,0.5399568034557235
Dwight Howard,2730,2019-20,18,15.7,5.8,0.5,4.6,2.2,3.2,1.4,2.5,0.6744186046511627
Dwight Howard,2730,2020-21,12,12.4,4.7,0.7,6.3,1.3,2.5,2.0,3.3,0.5946356275303644
Vince Carter,1713,1999-00,3,39.7,19.3,6.3,6.0,5.0,16.7,9.0,10.3,0.45450263752825926
Vince Carter,1713,2000-01,12,44.9,27.3,4.7,6.5,10.2,23.3,4.8,6.2,0.524435223605348
Vince Carter,1713,2004-05,4,44.8,26.8,5.8,8.5,8.8,24.0,7.8,9.0,0.4792560801144492
Vince Carter,1713,2005-06,11,40.9,29.6,5.3,7.0,10.3,22.2,7.8,9.8,0.5582377791188896
Vince Carter,1713,2006-07,12,40.6,22.3,5.3,6.8,7.8,19.6,5.1,7.3,0.4887778362265474
Vince Carter,1713,2009-10,14,34.3,15.5,2.3,4.2,5.3,13.1,4.1,4.9,0.5079968536969062
Vince Carter,1713,2011-12,4,26.8,8.3,0.3,5.5,3.0,10.3,1.5,2.0,0.37119856887298747
Vince Carter,1713,2013-14,7,27.1,12.6,2.4,3.6,4.4,9.7,1.6,2.0,0.5954631379962193
Vince Carter,1713,2014-15,11,17.8,6.3,1.0,4.3,2.5,6.1,0.7,0.8,0.48822070675759455
Vince Carter,1713,2015-16,4,22.8,11.3,1.3,3.8,3.8,8.3,2.0,2.0,0.6154684095860565
Vince Carter,1713,2016-17,6,32.5,9.2,1.5,3.3,3.3,7.0,1.2,1.2,0.6110520722635493
Paul George,202331,2010-11,5,26.6,6.0,1.0,5.0,2.0,6.6,1.4,1.6,0.41073384446878425
Paul George,202331,2011-12,11,33.7,9.7,2.4,6.6,3.4,8.6,2.0,2.5,0.5
Paul George,202331,2012-13,19,41.1,19.2,5.1,7.4,6.3,14.6,4.9,6.7,0.5470708912696604
Paul George,202331,2013-14,19,41.1,22.6,3.8,7.6,7.3,16.6,5.3,6.7,0.5780642520974012
Paul George,202331,2015-16,7,39.3,27.3,4.3,7.6,8.0,17.6,8.7,9.1,0.631827439363081
Paul George,202331,2016-17,4,43.0,28.0,7.3,8.8,8.5,22.0,6.5,7.5,0.5533596837944664
Paul George,202331,2017-18,6,41.8,24.7,2.7,6.0,8.2,20.0,5.2,6.0,0.5454946996466431
Paul George,202331,2018-19,5,40.8,28.6,3.6,8.6,8.8,20.2,8.0,9.8,0.58338772845953
Paul George,202331,2019-20,13,36.8,20.2,3.8,6.1,6.8,17.0,3.8,4.2,0.5358658743633277
Paul George,202331,2020-21,19,40.8,26.9,5.4,9.6,8.7,19.7,6.8,8.1,0.578146492434663
Paul George,202331,2023-24,6,37.0,19.5,4.8,6.8,6.5,15.8,3.5,4.2,0.5524705349048051
Klay Thompson,202691,2012-13,12,41.3,15.2,1.8,4.6,6.3,14.5,0.4,0.5,0.5163043478260869
Klay Thompson,202691,2013-14,7,36.7,16.4,3.6,3.4,5.7,14.0,2.7,3.4,0.5291688177594217
Klay Thompson,202691,2014-15,21,36.2,18.6,2.6,3.9,7.1,15.9,1.7,2.1,0.5527817403708987
Klay Thompson,202691,2015-16,24,35.4,24.3,2.3,3.7,8.4,18.9,3.4,4.0,0.5880929332042595
Klay Thompson,202691,2016-17,17,35.1,15.0,2.1,3.9,5.5,13.9,1.5,1.9,0.508957654723127
Klay Thompson,202691,2017-18,21,37.8,19.6,1.8,4.1,7.6,16.3,1.3,1.5,0.5778301886792453
Klay Thompson,202691,2018-19,21,39.0,20.7,2.1,4.1,7.8,17.1,1.8,2.0,0.5756395995550612
Klay Thompson,202691,2021-22,22,36.0,19.0,2.3,3.9,7.2,16.7,1.2,1.4,0.5486255486255487
Klay Thompson,202691,2022-23,13,36.0,18.5,2.2,4.2,6.5,16.8,1.6,1.8,0.525807185084129
Tony Parker,2225,2001-02,10,34.1,15.5,4.0,2.9,6.2,13.6,2.1,2.8,0.5225188781014024
Tony Parker,2225,2002-03,24,33.9,14.7,3.5,2.8,5.6,14.0,2.8,3.9,0.4676762534996182
Tony Parker,2225,2003-04,10,38.6,18.4,7.0,2.1,7.2,16.8,2.3,3.5,0.5016357688113413
Tony Parker,2225,2004-05,23,37.3,17.2,4.3,2.9,7.2,15.9,2.4,3.8,0.489414978374687
Tony Parker,2225,2005-06,13,36.5,21.1,3.8,3.6,8.0,17.4,4.9,6.1,0.5252937661820355
Tony Parker,2225,2006-07,20,37.6,20.8,5.8,3.4,8.4,17.5,3.6,5.3,0.5244050020169423
Tony Parker,2225,2007-08,17,38.5,22.4,6.1,3.7,8.9,18.0,4.1,5.5,0.5484818805093046
Tony Parker,2225,2008-09,5,36.2,28.6,6.8,4.2,11.8,21.6,4.4,6.2,0.5878000657678395
Tony Parker,2225,2009-10,10,33.5,17.3,5.4,3.8,7.3,15.4,2.5,4.2,0.5015074211502782
Tony Parker,2225,2010-11,6,36.8,19.7,5.2,2.7,7.2,15.5,5.2,6.8,0.5326627730910664
Tony Parker,2225,2011-12,14,36.1,20.1,6.8,3.6,7.3,16.1,5.1,6.3,0.5325349724459517
Tony Parker,2225,2012-13,21,36.4,20.6,7.0,3.2,8.0,17.4,4.1,5.3,0.5219947293736064
Tony Parker,2225,2013-14,23,31.3,17.4,4.8,2.0,7.3,15.0,2.2,3.0,0.5330882352941176
Tony Parker,2225,2014-15,7,30.0,10.9,3.6,3.3,4.7,13.0,1.4,2.4,0.3877347751849744
Tony Parker,2225,2015-16,10,26.4,10.4,5.3,2.2,4.4,9.8,1.2,1.4,0.49923195084485406
Tony Parker,2225,2016-17,8,26.4,15.9,3.1,2.5,6.4,12.1,1.8,1.8,0.616661495501086
Tony Parker,2225,2017-18,5,13.4,6.6,1.2,0.8,2.8,7.4,1.0,1.4,0.4116766467065868
Pau Gasol,2200,2003-04,4,33.5,18.5,2.5,5.0,7.0,12.3,4.5,5.0,0.6379310344827587
Pau Gasol,2200,2004-05,4,33.3,21.3,2.5,7.5,9.8,20.0,1.5,3.0,0.49953095684803
Pau Gasol,2200,2005-06,4,39.5,20.3,3.0,6.8,7.3,16.8,5.8,7.5,0.5049751243781094
Pau Gasol,2200,2007-08,21,39.8,16.9,4.0,9.3,6.7,12.7,3.4,5.0,0.5671140939597316
Pau Gasol,2200,2008-09,23,40.5,18.3,2.5,10.8,7.0,12.0,4.3,6.1,0.6231272132933806
Pau Gasol,2200,2009-10,23,39.7,19.6,3.5,11.1,7.2,13.3,5.2,6.9,0.5999020568070519
Pau Gasol,2200,2010-11,10,35.8,13.1,3.8,7.8,4.7,11.2,3.6,4.5,0.4969650986342944
Pau Gasol,2200,2011-12,12,37.0,12.5,3.7,9.5,5.2,11.9,2.0,2.4,0.4824019759184934
Pau Gasol,2200,2012-13,4,36.5,14.0,6.5,11.5,6.3,13.0,1.5,2.8,0.49184935356942105
Pau Gasol,2200,2014-15,10,31.7,14.4,3.1,9.4,5.6,11.5,3.2,4.2,0.5394066526820497
Pau Gasol,2200,2016-17,16,22.8,7.7,1.9,7.1,3.1,7.1,1.1,1.5,0.4961340206185567
Pau Gasol,2200,2017-18,5,18.0,6.0,2.8,4.8,2.0,4.0,1.8,2.0,0.6147540983606558
Chris Bosh,2547,2006-07,6,37.0,17.5,2.5,9.0,6.0,15.2,5.3,6.3,0.48686846205208106
Chris Bosh,2547,2007-08,5,39.8,24.0,3.6,9.0,8.4,17.8,7.0,8.4,0.5582433941198361
Chris Bosh,2547,2010-11,21,39.7,18.6,1.1,8.5,6.6,13.9,5.4,6.7,0.5519943019943021
Chris Bosh,2547,2011-12,14,31.4,14.0,0.6,7.8,5.2,10.6,3.1,3.7,0.572456656853124
Chris Bosh,2547,2012-13,23,32.7,12.1,1.5,7.3,4.8,10.4,1.9,2.6,0.524081774081774
Chris Bosh,2547,2013-14,20,34.3,14.9,1.1,5.6,5.8,11.5,1.8,2.4,0.5933418286078369
Draymond Green,203110,2012-13,12,18.6,5.8,1.6,4.3,2.0,4.7,1.1,1.4,0.545522949586155
Draymond Green,203110,2013-14,7,32.6,11.9,2.9,8.3,4.0,8.6,2.7,3.4,0.5893423137876387
Draymond Green,203110,2014-15,21,37.3,13.7,5.2,10.1,4.8,11.4,3.0,4.1,0.5187821872159951
Draymond Green,203110,2015-16,23,38.2,15.4,6.0,9.9,5.2,12.0,3.4,4.7,0.5473414842195052
Draymond Green,203110,2016-17,17,34.9,13.1,6.5,9.1,4.2,9.5,2.7,3.9,0.5839871611982882
Draymond Green,203110,2017-18,21,39.0,10.8,8.1,10.6,4.0,9.1,1.9,2.3,0.5340189873417722
Draymond Green,203110,2018-19,22,38.6,13.3,8.5,10.1,5.2,10.4,2.3,3.2,0.5631775067750678
Draymond Green,203110,2021-22,22,32.0,8.0,6.3,7.2,3.1,6.5,1.4,2.1,0.5387931034482758
Draymond Green,203110,2022-23,12,30.6,9.4,6.8,6.9,3.5,7.6,2.0,2.8,0.5321557971014493
Draymond Green,203110,2024-25,12,32.4,9.1,3.8,5.5,3.5,9.0,0.8,1.1,0.4797553774778574
Manu Ginobili,1938,2002-03,24,27.5,9.4,2.9,3.8,3.0,7.7,2.3,3.1,0.5185348631950574
Manu Ginobili,1938,2003-04,10,28.0,13.0,3.1,5.3,4.2,9.4,3.6,4.4,0.573394495412844
Manu Ginobili,1938,2004-05,23,33.6,20.8,4.2,5.8,6.3,12.4,6.4,8.0,0.6532663316582915
Manu Ginobili,1938,2005-06,13,32.8,18.4,3.0,4.5,5.8,12.1,5.6,6.7,0.6113769271664008
Manu Ginobili,1938,2006-07,20,30.1,16.7,3.7,5.5,5.0,12.4,4.9,5.8,0.5584537185660781
Manu Ginobili,1938,2007-08,17,32.9,17.8,3.9,3.8,5.8,13.6,4.1,4.5,0.5712451861360719
Manu Ginobili,1938,2009-10,10,35.2,19.4,6.0,3.7,5.8,14.0,5.8,6.7,0.5723389190464951
Manu Ginobili,1938,2010-11,5,34.8,20.6,4.2,4.0,6.2,14.0,6.4,8.2,0.584961381190368
Manu Ginobili,1938,2011-12,14,27.9,14.4,4.0,3.5,4.6,10.4,3.4,4.0,0.5921052631578947
Manu Ginobili,1938,2012-13,21,26.7,11.5,5.0,3.7,3.7,9.2,2.8,3.8,0.5288815305371597
Manu Ginobili,1938,2013-14,23,25.5,14.3,4.1,3.3,4.5,10.3,3.5,4.1,0.5907138136153337
Manu Ginobili,1938,2014-15,7,18.7,8.0,4.6,3.4,2.1,6.1,2.6,3.3,0.5296610169491526
Manu Ginobili,1938,2015-16,10,19.2,6.7,2.5,2.7,2.0,4.7,1.8,2.3,0.586484593837535
Manu Ginobili,1938,2016-17,16,17.8,6.6,2.4,2.4,2.5,6.1,1.1,1.4,0.4913639070875521
Manu Ginobili,1938,2017-18,5,21.4,9.0,3.2,3.0,3.0,7.4,1.8,2.2,0.5377629063097514
Alex English,76673,1977-78,9,23.1,13.4,1.4,4.7,5.3,8.7,2.8,3.6,0.6514974718008558
Alex English,76673,1981-82,3,39.3,19.3,5.7,7.7,8.7,18.3,2.0,2.3,0.49968931234465613
Alex English,76673,1982-83,7,38.6,25.9,6.0,6.3,9.6,21.4,6.7,7.6,0.5233591981894601
Alex English,76673,1983-84,5,40.6,29.0,5.6,8.0,12.0,20.4,5.0,5.6,0.6341847445766271
Alex English,76673,1984-85,14,38.3,30.2,4.5,6.6,11.6,21.7,6.9,7.8,0.6008276301130033
Alex English,76673,1985-86,10,39.4,27.3,5.2,3.5,10.6,22.9,6.1,7.1,0.5245158315401168
Alex English,76673,1986-87,3,25.3,18.7,3.3,4.7,8.3,16.3,2.0,2.3,0.5400878003696857
Alex English,76673,1987-88,11,39.8,24.3,4.4,5.4,10.5,23.2,3.2,3.9,0.4876384652432172
Alex English,76673,1988-89,3,36.0,26.0,3.7,4.3,10.7,20.7,4.7,5.3,0.5644320944772491
Alex English,76673,1989-90,3,25.3,19.7,3.0,3.0,8.3,14.7,3.0,3.7,0.6032582067613915
Bernard King,77264,1978-79,2,40.5,26.0,3.5,5.5,10.5,21.0,5.0,12.0,0.4946727549467275
Bernard King,77264,1982-83,6,30.7,23.5,2.2,4.0,9.3,16.2,4.7,5.8,0.6265998293515359
Bernard King,77264,1983-84,12,39.8,34.8,3.0,6.2,13.5,23.5,7.8,10.3,0.6207191780821917
Bernard King,77264,1987-88,5,33.6,13.8,1.8,2.2,5.2,10.6,3.4,4.2,0.554305912596401
Bernard King,77264,1992-93,3,8.0,2.7,0.0,0.3,1.3,2.3,0.0,0.0,0.5869565217391305
Adrian Dantley,76504,1977-78,3,34.7,17.0,3.7,8.3,6.7,11.7,3.7,5.7,0.5982545045045046
Adrian Dantley,76504,1978-79,8,29.5,17.6,1.4,4.1,6.3,11.1,5.1,6.5,0.6303724928366763
Adrian Dantley,76504,1983-84,11,41.3,32.2,4.2,7.5,10.6,21.1,10.9,12.6,0.6042636240804684
Adrian Dantley,76504,1984-85,10,39.8,25.3,2.0,7.5,7.9,15.1,9.5,12.2,0.6180379128395544
Adrian Dantley,76504,1986-87,15,33.3,20.5,2.3,4.5,7.4,13.7,5.7,7.4,0.6045057796650154
Adrian Dantley,76504,1987-88,23,35.0,19.4,2.0,4.7,6.7,12.7,6.1,7.7,0.6029338637493783
Adrian Dantley,76504,1990-91,3,6.3,1.7,0.0,1.3,0.3,2.3,1.0,1.3,0.29596100278551535
