nba_id,year,player_name,GamesPlayed,Minutes,Pos2,TeamAbbreviation,playoffs,TS_pct,d_Points_Per100,d_Points_PerGame,rTSPct,d_Points_Created_Per100,d_Points_Created_PerGame,dpm,o_dpm,d_Assists_Per100,d_Assists_PerGame,d_dpm,netrtg_on_off,PASSING_on-ball-time%,SFC_pct,playtype_diff,pt_adj_rTS
56,2001,Gary Payton,79,3244,PG,SEA,0,0.518,29.38,23.076,0.019,52.184,40.987,2.43,3.04,10.346,8.127,-0.6,-2.397,,,,
121,2001,Patrick Ewing,79,2102,C,SEA,0,0.476,18.938,9.62,-4.241,24.171,12.278,-2.36,-3.02,2.293,1.165,0.65,-8.336,,,,
165,2001,Hakeem Olajuwon,58,1543,C,HOU,0,0.522,23.443,11.879,0.397,28.921,14.655,1.82,-1.02,2.45,1.241,2.84,-0.539,,,,
252,2001,Karl Malone,81,2891,PF,UTA,0,0.569,34.32,23.185,5.067,48.501,32.765,4.17,4.14,6.597,4.457,0.03,6.38,,,,
304,2001,John Stockton,82,2395,PG,UTA,0,0.592,20.756,11.512,7.363,53.76,29.817,5.95,3.97,15.677,8.695,1.99,19.396,,,,
397,2001,Reggie Miller,81,3183,SG,IND,0,0.565,25.677,18.852,4.665,35.043,25.728,0.85,3.07,4.372,3.21,-2.22,1.809,,,,
406,2001,Shaquille O'Neal,74,2922,C,LAL,0,0.574,38.144,28.716,5.601,49.704,37.419,7.99,4.9,4.972,3.743,3.08,17.194,,,,
467,2001,Jason Kidd,77,3067,PG,PHX,0,0.501,21.788,16.87,-1.737,48.692,37.701,3.22,1.2,12.63,9.779,2.02,-0.595,,,,
708,2001,Kevin Garnett,81,3203,PF,MIN,0,0.529,29.165,22.025,1.098,43.436,32.802,5.07,3.16,6.556,4.951,1.91,9.928,,,,
764,2001,David Robinson,80,2371,C,SAS,0,0.552,25.888,14.388,3.445,31.736,17.638,4.93,0.98,2.609,1.45,3.94,8.968,,,,
937,2001,Scottie Pippen,64,2131,SF,POR,0,0.538,18.052,11.266,2.006,33.801,21.094,1.77,1.0,7.361,4.594,0.78,2.304,,,,
947,2001,Allen Iverson,71,2976,SG,PHI,0,0.511,38.429,31.085,-0.685,50.548,40.887,2.95,3.91,5.659,4.577,-0.96,5.286,,,,
951,2001,Ray Allen,82,3131,SG,MIL,0,0.605,29.748,22.024,8.676,43.683,32.341,3.85,4.75,6.16,4.561,-0.9,6.778,,,,
959,2001,Steve Nash,70,2387,PG,DAL,0,0.589,23.323,15.6,7.05,47.501,31.771,2.18,2.93,10.871,7.271,-0.75,6.55,,,,
977,2001,Kobe Bryant,68,2791,SG,LAL,0,0.549,36.056,28.5,3.071,49.73,39.309,3.16,4.22,6.288,4.971,-1.06,10.111,,,,
1495,2001,Tim Duncan,82,3174,PF,SAS,0,0.532,30.64,22.195,1.385,39.966,28.951,7.62,3.44,4.125,2.988,4.18,13.629,,,,
1503,2001,Tracy McGrady,77,3094,SG,ORL,0,0.519,34.48,26.818,0.137,47.621,37.039,3.33,3.45,5.877,4.571,-0.13,14.961,,,,
1713,2001,Vince Carter,75,2980,SF,TOR,0,0.546,36.521,27.6,2.762,47.477,35.88,5.1,4.94,5.134,3.88,0.16,11.659,,,,
1717,2001,Dirk Nowitzki,82,3123,PF,DAL,0,0.601,29.246,21.756,8.35,35.59,26.476,4.07,3.44,2.836,2.11,0.63,18.26,,,,
1718,2001,Paul Pierce,82,3124,SF,BOS,0,0.561,34.373,25.256,4.282,44.133,32.427,3.75,3.46,4.199,3.085,0.28,3.521,,,,
56,2002,Gary Payton,82,3297,PG,SEA,0,0.523,29.464,22.134,0.311,56.51,42.451,2.65,3.13,11.964,8.988,-0.48,0.003,,,,
121,2002,Patrick Ewing,65,899,C,ORL,0,0.495,22.556,6.0,-2.508,27.415,7.292,-3.1,-3.36,2.024,0.538,0.26,-3.905,,,,
165,2002,Hakeem Olajuwon,61,1375,C,TOR,0,0.478,17.066,7.131,-4.198,22.872,9.557,-0.41,-3.04,2.589,1.082,2.63,2.211,,,,
252,2002,Karl Malone,80,3038,PF,UTA,0,0.526,31.042,22.35,0.583,43.368,31.225,2.08,1.9,5.92,4.262,0.18,-0.907,,,,
304,2002,John Stockton,82,2570,PG,UTA,0,0.587,22.652,13.439,6.716,51.799,30.732,4.64,2.88,13.854,8.22,1.76,6.682,,,,
397,2002,Reggie Miller,79,2891,SG,IND,0,0.607,23.336,16.506,8.69,32.91,23.278,0.74,3.0,4.528,3.203,-2.26,-3.344,,,,
406,2002,Shaquille O'Neal,67,2421,C,LAL,0,0.594,39.023,27.194,7.387,48.576,33.851,7.88,4.81,4.284,2.985,3.07,10.646,,,,
467,2002,Jason Kidd,82,3056,PG,NJN,0,0.478,20.309,14.732,-4.201,49.613,35.988,4.39,2.49,13.584,9.854,1.9,5.934,,,,
708,2002,Kevin Garnett,81,3172,PF,MIN,0,0.533,28.581,21.16,1.296,43.655,32.321,5.77,3.44,7.037,5.21,2.33,10.397,,,,
764,2002,David Robinson,78,2305,C,SAS,0,0.557,22.07,12.192,3.744,26.874,14.846,4.27,0.24,2.181,1.205,4.03,5.894,,,,
893,2002,Michael Jordan,60,2089,SF,WAS,0,0.465,35.751,22.917,-5.503,53.562,34.333,3.32,4.17,8.06,5.167,-0.85,3.294,,,,
937,2002,Scottie Pippen,62,1999,SF,POR,0,0.494,17.42,10.629,-2.6,38.488,23.484,0.4,-0.44,9.596,5.855,0.85,-2.689,,,,
947,2002,Allen Iverson,60,2624,SG,PHI,0,0.481,37.956,31.383,-3.926,51.844,42.867,3.74,4.55,6.672,5.517,-0.81,10.014,,,,
951,2002,Ray Allen,69,2526,SG,MIL,0,0.595,31.629,21.783,7.514,44.592,30.71,2.98,4.18,5.703,3.928,-1.2,2.429,,,,
959,2002,Steve Nash,82,2838,PG,DAL,0,0.592,26.343,17.878,7.179,52.004,35.293,2.18,3.18,11.393,7.732,-1.01,2.262,,,,
977,2002,Kobe Bryant,80,3065,SG,LAL,0,0.538,34.226,25.238,1.769,51.788,38.188,3.0,4.24,7.425,5.475,-1.24,-1.199,,,,
1495,2002,Tim Duncan,82,3332,PF,SAS,0,0.573,33.542,25.476,5.343,44.525,33.817,8.71,4.06,4.929,3.744,4.65,12.387,,,,
1503,2002,Tracy McGrady,76,2909,SG,ORL,0,0.532,34.46,25.632,1.166,50.911,37.868,4.33,4.28,7.076,5.263,0.05,12.806,,,,
1713,2002,Vince Carter,60,2386,SG,TOR,0,0.508,33.318,24.733,-1.236,44.971,33.383,3.22,3.13,5.366,3.983,0.09,4.664,,,,
1717,2002,Dirk Nowitzki,76,2891,C,DAL,0,0.597,31.492,23.408,7.657,39.033,29.013,4.23,4.0,3.293,2.447,0.23,8.708,,,,
1718,2002,Paul Pierce,82,3299,SG,BOS,0,0.566,33.668,26.146,4.564,43.232,33.573,4.51,3.4,4.099,3.183,1.11,12.068,,,,
2200,2002,Pau Gasol,82,3002,PF,MEM,0,0.565,25.022,17.573,4.466,33.478,23.512,1.74,1.46,3.872,2.72,0.29,9.954,,,,
2225,2002,Tony Parker,77,2271,PG,SAS,0,0.492,16.487,9.156,-2.755,33.863,18.805,-0.28,0.32,7.811,4.338,-0.6,-6.487,,,,
56,2003,Gary Payton,80,3210,PG,MIL,0,0.504,27.242,20.425,-1.536,51.701,38.762,1.11,2.52,11.054,8.288,-1.41,-1.671,,,,
252,2003,Karl Malone,81,2935,PF,UTA,0,0.527,30.271,20.58,0.779,44.398,30.185,1.89,2.26,6.882,4.679,-0.37,3.005,,,,
304,2003,John Stockton,82,2274,PG,UTA,0,0.563,20.741,10.78,4.386,51.549,26.793,4.66,2.75,14.758,7.671,1.91,6.275,,,,
397,2003,Reggie Miller,70,2121,SG,IND,0,0.585,21.496,12.6,6.61,30.417,17.829,0.22,1.89,4.143,2.429,-1.67,0.634,,,,
406,2003,Shaquille O'Neal,67,2534,C,LAL,0,0.603,37.335,27.478,8.355,46.867,34.493,7.05,4.21,4.178,3.075,2.85,12.29,,,,
467,2003,Jason Kidd,80,2989,PG,NJN,0,0.516,25.887,18.688,-0.257,51.948,37.5,5.29,2.58,12.312,8.888,2.71,11.911,,,,
708,2003,Kevin Garnett,82,3322,PF,MIN,0,0.552,29.477,22.963,3.25,46.149,35.951,8.15,5.04,7.749,6.037,3.11,24.046,,,,
764,2003,David Robinson,64,1672,C,SAS,0,0.525,17.489,8.531,0.624,21.717,10.594,3.59,-0.58,1.954,0.953,4.17,8.47,,,,
893,2003,Michael Jordan,82,3029,SF,WAS,0,0.489,29.396,20.0,-3.035,41.477,28.22,1.45,2.01,5.574,3.793,-0.56,2.656,,,,
937,2003,Scottie Pippen,64,1912,SF,POR,0,0.519,19.187,10.766,-0.042,36.591,20.531,1.72,0.36,7.937,4.453,1.36,9.328,,,,
947,2003,Allen Iverson,82,3484,SG,PHI,0,0.493,33.671,27.585,-2.556,47.782,39.146,3.66,4.2,6.758,5.537,-0.54,-1.554,,,,
951,2003,Ray Allen,76,2880,SG,SEA,0,0.56,31.983,22.539,4.075,46.378,32.684,3.38,4.3,6.236,4.395,-0.91,3.938,,,,
959,2003,Steve Nash,82,2712,PG,DAL,0,0.567,27.595,17.768,4.788,53.22,34.268,2.11,3.48,11.326,7.293,-1.38,5.198,,,,
977,2003,Kobe Bryant,82,3404,SG,LAL,0,0.544,37.413,30.012,2.456,53.603,43.0,3.82,5.33,7.312,5.866,-1.51,10.368,,,,
1495,2003,Tim Duncan,81,3183,PF,SAS,0,0.561,31.6,23.259,4.224,43.492,32.012,9.8,4.94,5.3,3.901,4.86,16.139,,,,
1503,2003,Tracy McGrady,75,2950,SG,ORL,0,0.564,41.507,32.093,4.474,57.769,44.667,4.74,5.38,7.087,5.48,-0.64,12.997,,,,
1713,2003,Vince Carter,43,1470,SG,TOR,0,0.528,31.844,20.558,0.854,43.408,28.023,3.78,3.3,5.151,3.326,0.48,8.723,,,,
1717,2003,Dirk Nowitzki,80,3121,PF,DAL,0,0.579,33.267,25.138,6.006,42.167,31.862,5.87,5.07,3.954,2.988,0.8,20.855,,,,
1718,2003,Paul Pierce,79,3097,SG,BOS,0,0.528,34.636,25.924,0.921,49.112,36.759,4.57,3.59,5.902,4.418,0.98,10.993,,,,
1938,2003,Manu Ginobili,69,1434,SG,SAS,0,0.551,19.126,7.609,3.163,30.31,12.058,1.95,0.78,5.027,2.0,1.17,-0.244,,,,
2200,2003,Pau Gasol,82,2946,PF,MEM,0,0.568,27.034,18.963,4.864,36.127,25.341,1.06,1.87,3.981,2.793,-0.82,3.47,,,,
2225,2003,Tony Parker,82,2780,PG,SAS,0,0.535,24.135,15.476,1.556,42.507,27.256,0.29,1.2,8.216,5.268,-0.91,8.467,,,,
2397,2003,Yao Ming,82,2382,C,HOU,0,0.567,24.742,13.463,4.791,31.69,17.244,1.18,-0.32,3.07,1.671,1.5,3.122,,,,
56,2004,Gary Payton,82,2836,PG,LAL,0,0.524,21.721,14.622,0.78,39.366,26.5,0.54,0.94,8.134,5.476,-0.4,5.985,,,,
252,2004,Karl Malone,42,1380,PF,LAL,0,0.549,20.271,13.19,3.281,32.894,21.405,0.62,-0.65,5.964,3.881,1.27,6.528,,,,
397,2004,Reggie Miller,80,2267,SG,IND,0,0.589,18.957,10.0,7.328,31.445,16.588,0.96,2.22,5.9,3.112,-1.26,9.989,,,,
406,2004,Shaquille O'Neal,67,2466,C,LAL,0,0.577,30.218,21.478,6.052,39.269,27.91,6.73,3.12,4.116,2.925,3.61,12.099,,,,
467,2004,Jason Kidd,67,2464,PG,NJN,0,0.475,22.09,15.463,-4.06,50.021,35.015,5.58,2.7,13.177,9.224,2.87,13.121,,,,
708,2004,Kevin Garnett,82,3235,PF,MIN,0,0.545,32.886,24.232,2.898,47.915,35.305,9.95,5.87,6.769,4.988,4.07,19.986,,,,
937,2004,Scottie Pippen,23,411,SF,CHI,0,0.444,16.979,5.913,-7.156,30.712,10.696,-1.57,-1.7,6.242,2.174,0.13,-17.847,,,,
947,2004,Allen Iverson,48,2047,SG,PHI,0,0.474,32.781,26.375,-4.217,50.777,40.854,2.87,3.38,8.389,6.75,-0.51,0.915,,,,
951,2004,Ray Allen,56,2157,SG,SEA,0,0.563,31.896,22.982,4.732,47.336,34.107,3.49,4.84,6.642,4.786,-1.35,5.356,,,,
959,2004,Steve Nash,78,2616,PG,DAL,0,0.58,21.899,14.462,6.377,51.64,34.103,1.17,2.63,13.337,8.808,-1.46,0.457,,,,
977,2004,Kobe Bryant,65,2447,SG,LAL,0,0.545,32.689,23.954,2.896,47.785,35.015,3.29,4.08,6.928,5.077,-0.79,6.322,,,,
1495,2004,Tim Duncan,69,2525,PF,SAS,0,0.533,33.054,22.29,1.655,43.262,29.174,9.75,4.45,4.578,3.087,5.3,9.329,,,,
1503,2004,Tracy McGrady,67,2688,SG,ORL,0,0.524,36.63,28.03,0.754,52.272,40.0,3.95,5.49,7.217,5.522,-1.55,4.606,,,,
1713,2004,Vince Carter,73,2787,SG,TOR,0,0.493,32.306,22.534,-2.303,47.997,33.479,3.82,3.55,6.834,4.767,0.27,10.4,,,,
1717,2004,Dirk Nowitzki,77,2920,C,DAL,0,0.558,29.51,21.818,4.192,37.52,27.74,4.85,4.24,3.636,2.688,0.62,8.452,,,,
1718,2004,Paul Pierce,80,3100,SG,BOS,0,0.512,30.357,22.95,-0.45,46.445,35.112,3.63,2.78,6.779,5.125,0.85,1.029,,,,
1938,2004,Manu Ginobili,77,2255,SG,SAS,0,0.529,23.229,12.818,1.309,38.291,21.13,3.58,1.88,6.849,3.779,1.69,2.399,,,,
2200,2004,Pau Gasol,78,2452,PF,MEM,0,0.537,29.197,17.705,2.094,38.816,23.538,1.54,2.06,4.186,2.538,-0.53,-1.001,,,,
2225,2004,Tony Parker,75,2579,PG,SAS,0,0.512,22.953,14.653,-0.415,42.314,27.013,0.8,1.52,8.584,5.48,-0.72,0.994,,,,
2397,2004,Yao Ming,82,2702,C,HOU,0,0.584,28.938,17.451,6.761,34.904,21.049,2.63,0.13,2.467,1.488,2.5,5.054,,,,
2544,2004,LeBron James,79,3127,SG,CLE,0,0.486,27.682,20.937,-3.01,44.134,33.38,0.66,1.3,7.782,5.886,-0.64,2.392,,,,
2546,2004,Carmelo Anthony,82,2991,SF,DEN,0,0.505,29.287,21.037,-1.096,37.606,27.012,-0.54,0.89,3.854,2.768,-1.42,-1.219,,,,
2547,2004,Chris Bosh,75,2517,C,TOR,0,0.509,18.697,11.48,-0.653,22.562,13.853,-0.39,-0.77,1.694,1.04,0.37,-1.119,,,,
2548,2004,Dwyane Wade,61,2136,PG,MIA,0,0.527,24.956,16.246,1.14,41.249,26.852,0.11,1.22,6.925,4.508,-1.12,3.889,,,,
56,2005,Gary Payton,77,2551,PG,BOS,0,0.535,17.453,11.338,0.609,38.225,24.831,0.26,1.01,9.376,6.091,-0.75,-0.571,,,,
397,2005,Reggie Miller,66,2112,SG,IND,0,0.571,25.123,14.758,4.212,33.634,19.758,-0.01,1.6,3.766,2.212,-1.61,9.53,,,,
406,2005,Shaquille O'Neal,73,2498,C,MIA,0,0.582,35.137,22.863,5.294,45.011,29.288,6.28,3.21,4.211,2.74,3.07,6.942,,,,
467,2005,Jason Kidd,66,2450,PG,NJN,0,0.5,20.509,14.409,-2.868,45.913,32.258,5.21,2.46,11.753,8.258,2.75,17.251,,,,
708,2005,Kevin Garnett,82,3121,PF,MIN,0,0.564,30.98,22.159,3.539,48.696,34.829,8.31,4.98,7.945,5.683,3.33,0.709,,,,
947,2005,Allen Iverson,75,3176,PG,PHI,0,0.526,36.229,30.693,-0.264,57.255,48.507,2.99,3.67,9.38,7.947,-0.67,4.001,,,,
951,2005,Ray Allen,78,3069,SG,SEA,0,0.546,32.731,23.936,1.729,44.618,32.628,3.14,5.23,5.067,3.705,-2.09,6.391,,,,
959,2005,Steve Nash,75,2569,PG,PHX,0,0.597,22.551,15.533,6.754,61.382,42.28,4.31,4.96,16.667,11.48,-0.65,14.509,,,,
977,2005,Kobe Bryant,66,2690,SG,LAL,0,0.557,35.465,27.561,2.786,53.987,41.955,3.09,4.88,7.76,6.03,-1.79,1.953,,,,
1495,2005,Tim Duncan,66,2206,PF,SAS,0,0.537,33.087,20.333,0.823,43.047,26.455,9.77,4.58,4.413,2.712,5.19,18.248,,,,
1503,2005,Tracy McGrady,78,3191,SF,HOU,0,0.525,33.726,25.679,-0.384,51.002,38.833,4.91,5.1,7.543,5.744,-0.19,0.909,,,,
1713,2005,Vince Carter,77,2838,"SF,SG",NJN,0,0.537,34.978,24.494,0.758,48.72,34.117,4.14,3.46,6.065,4.247,0.68,3.183,,,,
1717,2005,Dirk Nowitzki,78,3028,PF,DAL,0,0.573,34.552,26.051,4.353,43.598,32.872,6.71,5.09,4.081,3.077,1.62,13.695,,,,
1718,2005,Paul Pierce,82,2964,SF,BOS,0,0.573,30.516,21.573,4.42,44.006,31.11,4.41,3.54,6.003,4.244,0.87,7.569,,,,
1938,2005,Manu Ginobili,74,2201,SG,SAS,0,0.601,29.104,16.027,7.245,44.736,24.635,5.4,4.19,7.067,3.892,1.21,17.731,,,,
2200,2005,Pau Gasol,56,1783,PF,MEM,0,0.58,30.185,17.804,5.065,40.085,23.643,2.3,1.74,4.087,2.411,0.56,3.064,,,,
2225,2005,Tony Parker,80,2736,PG,SAS,0,0.527,26.139,16.638,-0.25,48.35,30.775,1.16,1.86,9.623,6.125,-0.7,3.273,,,,
2397,2005,Yao Ming,80,2460,C,HOU,0,0.611,31.614,18.312,8.193,34.678,20.088,3.13,0.53,1.316,0.762,2.6,-6.596,,,,
2544,2005,LeBron James,80,3384,SF,CLE,0,0.55,34.236,27.188,2.131,53.66,42.612,3.97,3.86,9.082,7.212,0.11,8.856,,,,
2546,2005,Carmelo Anthony,75,2610,SF,DEN,0,0.517,30.353,20.773,-1.206,38.184,26.133,0.48,1.46,3.779,2.587,-0.98,2.792,,,,
2547,2005,Chris Bosh,81,3014,PF,TOR,0,0.543,23.381,16.802,1.366,29.789,21.407,0.04,0.23,2.628,1.889,-0.19,5.288,,,,
2548,2005,Dwyane Wade,77,2978,SG,MIA,0,0.557,32.745,24.078,2.808,53.886,39.623,3.46,3.65,9.184,6.753,-0.19,-0.747,,,,
2730,2005,Dwight Howard,82,2679,PF,ORL,0,0.564,18.565,11.963,3.544,21.593,13.915,-0.24,0.14,1.419,0.915,-0.37,-1.524,,,,
56,2006,Gary Payton,81,2305,PG,MIA,0,0.516,14.273,7.728,-2.016,27.679,14.988,-1.05,-0.44,5.86,3.173,-0.61,-3.231,,,,
406,2006,Shaquille O'Neal,59,1806,C,MIA,0,0.589,34.192,20.017,5.332,42.038,24.61,4.96,1.87,3.272,1.915,3.08,5.599,,,,
467,2006,Jason Kidd,80,2976,PG,NJN,0,0.519,18.85,13.312,-1.654,44.407,31.362,4.87,2.32,11.894,8.4,2.55,12.201,,,,
708,2006,Kevin Garnett,76,2958,PF,MIN,0,0.584,30.391,21.789,4.798,42.375,30.382,7.47,4.09,5.652,4.053,3.38,11.21,,,,
947,2006,Allen Iverson,72,3103,PG,PHI,0,0.54,39.153,33.014,0.425,58.409,49.25,2.89,3.89,8.763,7.389,-1.0,7.874,,,,
951,2006,Ray Allen,78,3022,SG,SEA,0,0.585,33.917,25.064,4.91,44.934,33.205,3.53,5.74,4.962,3.667,-2.2,8.008,,,,
959,2006,Steve Nash,79,2796,PG,PHX,0,0.628,26.623,18.848,9.167,60.129,42.57,4.99,5.61,14.768,10.456,-0.62,9.325,,,,
977,2006,Kobe Bryant,80,3277,SG,LAL,0,0.555,45.124,35.4,1.934,58.413,45.825,3.68,5.38,5.736,4.5,-1.7,13.373,,,,
1495,2006,Tim Duncan,80,2784,PF,SAS,0,0.523,29.152,18.562,-1.348,40.361,25.7,8.87,3.65,4.967,3.162,5.23,5.999,,,,
1503,2006,Tracy McGrady,47,1745,SF,HOU,0,0.493,35.5,24.404,-4.317,51.284,35.255,3.48,3.53,6.964,4.787,-0.05,5.498,,,,
1713,2006,Vince Carter,79,2906,SG,NJN,0,0.532,34.802,24.19,-0.362,48.589,33.772,3.68,3.2,6.156,4.278,0.48,14.966,,,,
1717,2006,Dirk Nowitzki,81,3089,PF,DAL,0,0.585,37.896,26.556,4.87,46.741,32.753,7.21,5.8,3.982,2.79,1.41,9.998,,,,
1718,2006,Paul Pierce,79,3085,SF,BOS,0,0.575,35.444,26.785,3.893,49.615,37.494,4.48,4.61,6.281,4.747,-0.13,3.004,,,,
1938,2006,Manu Ginobili,65,1813,SG,SAS,0,0.584,28.981,15.092,4.796,44.815,23.338,4.97,3.73,6.942,3.615,1.23,7.355,,,,
2200,2006,Pau Gasol,80,3135,PF,MEM,0,0.55,28.896,20.35,1.363,45.154,31.8,3.01,2.01,6.585,4.638,1.0,4.442,,,,
2225,2006,Tony Parker,80,2715,PG,SAS,0,0.585,30.038,18.875,4.882,51.223,32.188,1.73,2.48,9.151,5.75,-0.74,8.024,,,,
2397,2006,Yao Ming,57,1949,C,HOU,0,0.594,35.062,22.298,5.773,40.579,25.807,2.41,-0.32,2.345,1.491,2.72,6.493,,,,
2544,2006,LeBron James,79,3361,SF,CLE,0,0.568,39.302,31.367,3.166,58.176,46.43,5.39,5.14,8.263,6.595,0.26,9.933,,,,
2546,2006,Carmelo Anthony,80,2941,SF,DEN,0,0.558,36.681,26.525,2.153,44.892,32.462,1.37,2.09,3.734,2.7,-0.71,-1.571,,,,
2547,2006,Chris Bosh,70,2751,C,TOR,0,0.584,30.213,22.457,4.795,38.439,28.571,1.83,2.09,3.479,2.586,-0.26,5.78,,,,
2548,2006,Dwyane Wade,75,2893,SG,MIA,0,0.573,36.81,27.2,3.685,57.867,42.76,5.14,4.62,9.076,6.707,0.53,15.846,,,,
2730,2006,Dwight Howard,82,3021,PF,ORL,0,0.562,23.313,15.756,2.623,28.275,19.11,0.76,1.18,2.256,1.524,-0.41,5.307,,,,
101108,2006,Chris Paul,78,2809,PG,NOK,0,0.537,23.7,16.128,0.11,48.625,33.09,2.44,2.0,11.511,7.833,0.44,-1.501,,,,
56,2007,Gary Payton,68,1503,PG,MIA,0,0.454,12.999,5.265,-8.729,29.63,12.0,-2.67,-1.84,7.298,2.956,-0.83,-9.155,,,,
406,2007,Shaquille O'Neal,40,1135,C,MIA,0,0.567,33.593,17.25,2.643,42.746,21.95,3.58,0.62,3.846,1.975,2.96,3.172,,,,
467,2007,Jason Kidd,80,2933,PG,NJN,0,0.508,18.494,13.012,-3.33,47.842,33.662,3.82,1.7,13.075,9.2,2.12,6.826,,,,
708,2007,Kevin Garnett,76,2995,PF,MIN,0,0.539,30.117,22.421,-0.175,42.418,31.579,7.13,3.83,5.532,4.118,3.3,14.771,,,,
947,2007,Allen Iverson,65,2761,"PG,SG",DEN,0,0.537,30.876,26.292,-0.397,49.846,42.446,1.14,2.49,8.455,7.2,-1.35,0.951,,,,
951,2007,Ray Allen,55,2219,SG,SEA,0,0.56,34.091,26.436,1.909,45.955,35.636,3.22,5.37,5.346,4.145,-2.15,4.426,,,,
959,2007,Steve Nash,76,2682,PG,PHX,0,0.646,26.284,18.579,10.504,62.863,44.434,5.49,5.83,16.456,11.632,-0.34,11.958,,,,
977,2007,Kobe Bryant,77,3140,SG,LAL,0,0.575,39.308,31.558,3.436,54.901,44.078,3.63,5.27,6.681,5.364,-1.64,6.231,,,,
1495,2007,Tim Duncan,80,2726,C,SAS,0,0.579,31.576,19.988,3.793,43.839,27.75,9.91,4.52,5.391,3.412,5.4,15.702,,,,
1503,2007,Tracy McGrady,71,2539,SG,HOU,0,0.517,36.14,24.606,-2.4,58.233,39.648,4.7,4.93,9.475,6.451,-0.23,7.508,,,,
1713,2007,Vince Carter,82,3126,SG,NJN,0,0.555,34.714,25.244,1.41,49.908,36.293,3.42,3.42,6.591,4.793,0.0,6.935,,,,
1717,2007,Dirk Nowitzki,78,2821,PF,DAL,0,0.597,36.551,24.564,5.594,48.073,32.308,7.97,6.5,5.017,3.372,1.47,13.455,,,,
1718,2007,Paul Pierce,47,1740,SG,BOS,0,0.561,34.776,24.957,2.027,47.406,34.021,4.06,4.57,5.752,4.128,-0.51,5.98,,,,
1938,2007,Manu Ginobili,75,2061,SG,SAS,0,0.606,31.828,16.533,6.495,46.92,24.373,5.47,3.79,6.751,3.507,1.68,10.528,,,,
2200,2007,Pau Gasol,59,2133,C,MEM,0,0.591,29.052,20.78,5.013,40.379,28.881,2.05,2.05,4.763,3.407,-0.01,-0.773,,,,
2225,2007,Tony Parker,77,2499,PG,SAS,0,0.57,30.626,18.558,2.891,51.993,31.506,1.76,2.4,9.001,5.455,-0.64,4.047,,,,
2397,2007,Yao Ming,48,1624,C,HOU,0,0.593,38.563,25.042,5.199,45.845,29.771,2.94,-0.38,3.016,1.958,3.32,6.14,,,,
2544,2007,LeBron James,78,3190,SF,CLE,0,0.553,35.392,27.333,1.167,53.071,40.987,5.83,4.57,7.802,6.026,1.26,9.121,,,,
2546,2007,Carmelo Anthony,65,2486,SF,DEN,0,0.546,37.351,28.938,0.482,48.153,37.308,2.33,3.2,4.944,3.831,-0.87,0.415,,,,
2547,2007,Chris Bosh,69,2658,C,TOR,0,0.573,30.5,22.623,3.155,38.12,28.275,2.94,1.85,3.419,2.536,1.09,6.151,,,,
2548,2007,Dwyane Wade,51,1931,SG,MIA,0,0.581,37.869,27.392,3.972,61.778,44.686,5.18,4.51,10.409,7.529,0.66,6.338,,,,
2730,2007,Dwight Howard,82,3024,C,ORL,0,0.616,25.495,17.598,7.514,31.731,21.902,0.71,0.65,2.792,1.927,0.05,2.002,,,,
101108,2007,Chris Paul,64,2353,PG,NOK,0,0.53,24.809,17.25,-1.146,53.573,37.25,3.13,3.03,12.787,8.891,0.1,0.631,,,,
406,2008,Shaquille O'Neal,61,1748,C,PHX,0,0.585,24.769,13.639,4.509,30.932,17.033,1.93,-0.71,2.769,1.525,2.64,2.237,,,,
467,2008,Jason Kidd,80,2906,PG,DAL,0,0.495,15.363,10.8,-4.52,46.515,32.7,2.73,0.8,14.331,10.075,1.93,0.507,,,,
708,2008,Kevin Garnett,71,2328,PF,BOS,0,0.582,30.317,18.831,4.162,43.016,26.718,7.6,3.29,5.533,3.437,4.31,12.291,,,,
947,2008,Allen Iverson,82,3424,SG,DEN,0,0.563,30.617,26.39,2.332,50.042,43.134,2.04,3.17,8.291,7.146,-1.13,10.687,,,,
951,2008,Ray Allen,73,2624,SG,BOS,0,0.575,25.562,17.438,3.544,35.622,24.301,1.29,2.72,4.518,3.082,-1.43,3.747,,,,
959,2008,Steve Nash,81,2780,PG,PHX,0,0.63,24.356,16.926,8.994,59.158,41.111,5.7,6.34,15.953,11.086,-0.65,14.299,,,,
977,2008,Kobe Bryant,82,3192,SG,LAL,0,0.573,36.359,28.329,3.32,52.277,40.732,5.03,6.09,6.902,5.378,-1.06,9.373,,,,
1495,2008,Tim Duncan,78,2651,C,SAS,0,0.544,30.997,19.333,0.401,41.398,25.821,7.94,2.63,4.481,2.795,5.31,9.441,,,,
1503,2008,Tracy McGrady,66,2440,SG,HOU,0,0.485,31.028,21.621,-5.451,50.424,35.136,3.37,3.37,8.415,5.864,0.0,1.59,,,,
1713,2008,Vince Carter,76,2959,SG,NJN,0,0.545,28.521,21.342,0.493,43.925,32.868,3.03,2.78,6.84,5.118,0.24,12.909,,,,
1717,2008,Dirk Nowitzki,77,2769,PF,DAL,0,0.579,34.795,23.597,3.885,46.476,31.519,7.26,5.68,5.094,3.455,1.58,12.381,,,,
1718,2008,Paul Pierce,80,2874,SF,BOS,0,0.595,28.813,19.625,5.481,43.659,29.738,5.37,4.43,6.662,4.538,0.94,11.323,,,,
1938,2008,Manu Ginobili,74,2299,SG,SAS,0,0.602,33.149,19.486,6.153,50.207,29.514,4.99,3.27,7.632,4.486,1.72,9.224,,,,
2200,2008,Pau Gasol,66,2351,C,LAL,0,0.593,27.011,18.879,5.333,37.785,26.409,2.52,2.17,4.574,3.197,0.36,5.749,,,,
2225,2008,Tony Parker,69,2312,PG,SAS,0,0.538,30.292,18.768,-0.165,53.216,32.971,1.68,2.11,9.614,5.957,-0.42,6.185,,,,
2397,2008,Yao Ming,55,2044,C,HOU,0,0.577,31.493,21.982,3.735,39.542,27.6,3.06,-0.13,3.36,2.345,3.19,-1.075,,,,
2544,2008,LeBron James,75,3027,SF,CLE,0,0.566,39.192,30.0,2.606,61.122,46.787,6.75,5.54,9.389,7.187,1.21,10.041,,,,
2546,2008,Carmelo Anthony,77,2807,SF,DEN,0,0.56,34.051,25.688,1.97,43.811,33.052,2.32,3.19,4.459,3.364,-0.87,-3.41,,,,
2547,2008,Chris Bosh,67,2425,C,TOR,0,0.583,33.348,22.328,4.27,42.443,28.418,4.41,3.58,3.812,2.552,0.83,11.337,,,,
2548,2008,Dwyane Wade,51,1954,SG,MIA,0,0.547,33.36,24.588,0.655,54.163,39.922,3.11,3.26,9.417,6.941,-0.16,5.662,,,,
2730,2008,Dwight Howard,82,3088,C,ORL,0,0.614,27.952,20.671,7.369,32.206,23.817,2.6,1.71,1.814,1.341,0.89,8.307,,,,
101108,2008,Chris Paul,80,3006,PG,NOH,0,0.572,29.539,21.05,3.198,66.778,47.588,4.61,4.45,16.225,11.562,0.16,8.49,,,,
201142,2008,Kevin Durant,80,2768,SG,SEA,0,0.514,29.073,20.3,-2.579,36.359,25.388,-1.57,-0.18,3.437,2.4,-1.39,-8.76,,,,
406,2009,Shaquille O'Neal,75,2252,C,PHX,0,0.624,29.695,17.773,8.006,36.2,21.667,0.81,-0.28,2.807,1.68,1.09,1.609,,,,
467,2009,Jason Kidd,81,2886,PG,DAL,0,0.549,13.131,9.025,0.502,40.992,28.173,2.72,0.77,12.61,8.667,1.94,10.598,,,,
708,2009,Kevin Garnett,57,1772,PF,BOS,0,0.563,26.724,15.772,1.928,36.356,21.456,6.46,1.91,4.281,2.526,4.55,11.005,,,,
947,2009,Allen Iverson,57,2093,"PG,SG",DET,0,0.5,25.918,17.456,-4.42,42.433,28.579,-0.51,0.6,7.372,4.965,-1.11,-4.04,,,,
951,2009,Ray Allen,79,2876,SG,BOS,0,0.618,26.511,18.152,7.371,35.33,24.19,1.79,3.43,4.03,2.759,-1.65,11.825,,,,
959,2009,Steve Nash,74,2484,PG,PHX,0,0.607,23.112,15.676,6.285,54.652,37.068,4.55,5.37,14.286,9.689,-0.82,7.214,,,,
977,2009,Kobe Bryant,82,2960,SG,LAL,0,0.559,37.727,26.841,1.531,53.394,37.988,4.86,6.36,6.839,4.866,-1.5,11.935,,,,
1495,2009,Tim Duncan,75,2524,C,SAS,0,0.548,31.21,19.333,0.4,44.124,27.333,6.97,2.32,5.682,3.52,4.65,2.192,,,,
1503,2009,Tracy McGrady,35,1181,SG,HOU,0,0.49,24.33,15.571,-5.373,42.054,26.914,1.39,1.35,7.812,5.0,0.04,-1.708,,,,
1713,2009,Vince Carter,80,2946,SG,NJN,0,0.54,29.946,20.775,-0.405,46.0,31.912,2.13,2.69,6.775,4.7,-0.56,1.206,,,,
1717,2009,Dirk Nowitzki,81,3051,PF,DAL,0,0.559,35.789,25.852,1.506,43.873,31.691,5.95,5.27,3.367,2.432,0.68,6.376,,,,
1718,2009,Paul Pierce,81,3036,SF,BOS,0,0.579,29.024,20.481,3.492,40.693,28.716,4.13,3.7,5.143,3.63,0.43,3.572,,,,
1938,2009,Manu Ginobili,44,1181,SG,SAS,0,0.591,30.41,15.523,4.743,46.305,23.636,5.01,3.35,6.99,3.568,1.65,-0.933,,,,
2200,2009,Pau Gasol,81,3000,C,LAL,0,0.613,25.947,18.864,6.916,37.052,26.938,2.75,1.88,4.823,3.506,0.87,5.975,,,,
2225,2009,Tony Parker,72,2456,PG,SAS,0,0.554,34.694,21.958,1.046,60.566,38.333,2.3,2.87,10.884,6.889,-0.57,5.587,,,,
2397,2009,Yao Ming,77,2589,C,HOU,0,0.61,31.242,19.662,6.57,38.3,24.104,3.74,-0.04,2.827,1.779,3.78,12.359,,,,
2544,2009,LeBron James,81,3054,SF,CLE,0,0.592,40.449,28.444,4.838,65.133,45.802,9.07,7.44,10.305,7.247,1.62,21.602,,,,
2546,2009,Carmelo Anthony,66,2277,SF,DEN,0,0.528,33.624,22.788,-1.574,44.355,30.061,3.72,4.28,4.963,3.364,-0.56,7.524,,,,
2547,2009,Chris Bosh,77,2928,C,TOR,0,0.565,31.117,22.675,2.096,38.888,28.338,2.91,1.91,3.404,2.481,1.0,5.596,,,,
2548,2009,Dwyane Wade,79,3048,SG,MIA,0,0.572,40.933,30.203,2.821,63.939,47.177,6.36,5.94,10.105,7.456,0.42,13.255,,,,
2730,2009,Dwight Howard,79,2821,C,ORL,0,0.598,30.091,20.557,5.438,35.575,24.304,3.4,1.29,2.075,1.418,2.1,9.609,,,,
101108,2009,Chris Paul,78,3002,PG,NOH,0,0.596,32.113,22.833,5.218,67.184,47.769,4.87,4.37,15.525,11.038,0.5,19.305,,,,
201142,2009,Kevin Durant,74,2885,SF,OKC,0,0.571,33.115,25.284,2.669,41.15,31.419,-0.82,0.49,3.628,2.77,-1.31,-8.751,,,,
201566,2009,Russell Westbrook,82,2668,PG,OKC,0,0.484,23.928,15.317,-5.959,41.894,26.817,-0.13,0.11,8.287,5.305,-0.24,4.398,,,,
406,2010,Shaquille O'Neal,53,1240,C,CLE,0,0.566,27.203,12.0,2.284,34.987,15.434,0.7,-1.67,3.422,1.509,2.37,-5.496,,,,
467,2010,Jason Kidd,80,2881,PG,DAL,0,0.574,14.788,10.3,3.082,42.911,29.888,2.69,0.9,12.994,9.05,1.8,6.363,,,,
708,2010,Kevin Garnett,69,2060,PF,BOS,0,0.568,24.868,14.348,2.466,35.142,20.275,5.13,1.15,4.647,2.681,3.98,7.71,,,,
947,2010,Allen Iverson,28,864,"PG,SG",PHI,0,0.513,23.095,13.75,-2.967,38.332,22.821,-2.12,-1.1,6.779,4.036,-1.02,-0.496,,,,
951,2010,Ray Allen,80,2819,SG,BOS,0,0.594,24.188,16.3,5.077,32.573,21.95,0.93,2.65,3.895,2.625,-1.72,12.238,,,,
959,2010,Steve Nash,81,2660,PG,PHX,0,0.608,24.93,16.457,6.515,62.353,41.16,4.93,5.97,16.682,11.012,-1.05,4.746,,,,
977,2010,Kobe Bryant,73,2836,SG,LAL,0,0.542,35.936,26.986,-0.128,51.094,38.37,4.91,5.78,6.658,5.0,-0.87,11.594,,,,
1495,2010,Tim Duncan,78,2438,C,SAS,0,0.558,30.306,17.885,1.545,42.06,24.821,6.36,2.2,5.344,3.154,4.16,6.235,,,,
1503,2010,Tracy McGrady,30,672,SG,NYK,0,0.469,18.731,8.167,-7.365,35.933,15.667,-0.48,0.19,7.569,3.3,-0.67,-8.129,,,,
1713,2010,Vince Carter,75,2311,SG,ORL,0,0.532,28.311,16.587,-1.06,41.625,24.387,3.11,2.46,5.371,3.147,0.65,7.148,,,,
1717,2010,Dirk Nowitzki,81,3039,PF,DAL,0,0.57,34.661,25.025,2.749,43.57,31.457,5.77,4.54,3.728,2.691,1.23,9.91,,,,
1718,2010,Paul Pierce,71,2411,SF,BOS,0,0.607,27.949,18.254,6.381,38.107,24.887,3.48,2.63,4.701,3.07,0.85,2.642,,,,
1938,2010,Manu Ginobili,75,2150,SG,SAS,0,0.578,29.743,16.493,3.513,49.387,27.387,4.81,3.68,8.896,4.933,1.13,6.703,,,,
2200,2010,Pau Gasol,65,2403,C,LAL,0,0.591,25.591,18.308,4.805,36.344,26.0,2.12,1.56,4.688,3.354,0.55,3.612,,,,
2225,2010,Tony Parker,56,1728,PG,SAS,0,0.541,27.083,15.964,-0.195,49.53,29.196,1.01,1.66,9.603,5.661,-0.65,1.295,,,,
2544,2010,LeBron James,76,2966,SF,CLE,0,0.602,39.979,29.711,5.861,66.466,49.395,8.99,7.5,11.526,8.566,1.5,16.812,,,,
2546,2010,Carmelo Anthony,69,2634,SF,DEN,0,0.545,37.524,28.159,0.19,47.258,35.464,3.33,4.47,4.287,3.217,-1.14,3.504,,,,
2547,2010,Chris Bosh,70,2526,C,TOR,0,0.59,34.371,23.971,4.743,42.319,29.514,3.82,3.28,3.4,2.371,0.54,5.117,,,,
2548,2010,Dwyane Wade,77,2793,SG,MIA,0,0.56,38.563,26.558,1.728,60.211,41.468,7.06,6.31,9.447,6.506,0.75,14.158,,,,
2730,2010,Dwight Howard,82,2843,C,ORL,0,0.621,27.849,18.329,7.807,34.556,22.744,4.62,1.49,2.668,1.756,3.13,9.359,,,,
101108,2010,Chris Paul,45,1712,PG,NOH,0,0.583,25.877,18.689,4.047,59.477,42.956,5.65,4.73,14.769,10.667,0.92,4.996,,,,
201142,2010,Kevin Durant,82,3239,SF,OKC,0,0.601,39.009,30.146,5.838,47.104,36.402,3.74,3.87,3.645,2.817,-0.14,16.781,,,,
201566,2010,Russell Westbrook,82,2813,PG,OKC,0,0.49,23.958,16.122,-5.317,50.091,33.707,1.42,1.4,11.816,7.951,0.02,3.813,,,,
201935,2010,James Harden,76,1738,SG,OKC,0,0.545,22.491,9.908,0.228,31.422,13.842,2.16,0.85,4.092,1.803,1.31,3.299,,,,
201939,2010,Stephen Curry,80,2896,PG,GSW,0,0.566,22.938,17.488,2.304,40.22,30.662,0.58,1.15,7.739,5.9,-0.57,1.769,,,,
406,2011,Shaquille O'Neal,37,752,C,BOS,0,0.663,24.133,9.216,12.242,27.884,10.649,1.57,-1.64,1.84,0.703,3.2,9.3,,,,
467,2011,Jason Kidd,80,2653,PG,DAL,0,0.496,12.414,7.875,-4.544,41.537,26.35,1.46,-0.02,12.906,8.188,1.48,-4.884,,,,
708,2011,Kevin Garnett,71,2220,PF,BOS,0,0.57,25.053,14.873,2.938,33.95,20.155,5.89,1.44,4.057,2.408,4.44,16.781,,,,
951,2011,Ray Allen,80,2890,SG,BOS,0,0.608,24.261,16.512,6.653,32.727,22.275,1.12,2.37,4.022,2.738,-1.25,9.02,,,,
959,2011,Steve Nash,75,2497,PG,PHX,0,0.588,22.289,14.747,4.693,61.548,40.72,4.46,5.27,17.231,11.4,-0.82,15.572,,,,
977,2011,Kobe Bryant,82,2779,SG,LAL,0,0.546,39.536,25.341,0.458,56.107,35.963,3.72,5.31,7.382,4.732,-1.59,4.698,,,,
1495,2011,Tim Duncan,76,2156,C,SAS,0,0.535,24.345,13.447,-0.648,35.279,19.487,6.3,1.36,4.836,2.671,4.94,8.785,,,,
1503,2011,Tracy McGrady,72,1686,SG,DET,0,0.503,18.764,7.972,-3.837,37.006,15.722,-0.28,-0.22,8.238,3.5,-0.05,1.73,,,,
1713,2011,Vince Carter,73,2052,SG,PHX,0,0.528,25.795,14.0,-1.316,34.528,18.74,0.72,0.96,3.685,2.0,-0.24,1.318,,,,
1717,2011,Dirk Nowitzki,73,2504,PF,DAL,0,0.604,35.182,23.027,6.29,44.475,29.11,6.46,5.15,3.977,2.603,1.31,16.835,,,,
1718,2011,Paul Pierce,80,2774,SF,BOS,0,0.618,28.775,18.888,7.737,39.573,25.975,4.18,3.3,4.951,3.25,0.88,18.11,,,,
1938,2011,Manu Ginobili,80,2425,SG,SAS,0,0.577,29.295,17.412,3.581,48.202,28.65,5.2,3.84,8.265,4.912,1.36,13.725,,,,
2200,2011,Pau Gasol,82,3037,C,LAL,0,0.589,26.837,18.793,4.762,37.443,26.22,2.59,1.73,4.754,3.329,0.86,9.879,,,,
2225,2011,Tony Parker,78,2528,PG,SAS,0,0.568,27.901,17.538,2.677,52.213,32.821,0.8,1.44,10.463,6.577,-0.63,0.722,,,,
2544,2011,LeBron James,79,3063,SF,MIA,0,0.593,36.247,26.722,5.16,57.881,42.671,7.89,6.32,9.512,7.013,1.57,9.39,,,,
2546,2011,Carmelo Anthony,77,2751,SF,NYK,0,0.555,36.247,25.584,1.403,45.759,32.299,2.18,3.78,4.066,2.87,-1.6,0.52,,,,
2547,2011,Chris Bosh,77,2795,PF,MIA,0,0.567,27.147,18.675,2.603,33.396,22.974,2.97,1.28,2.719,1.87,1.69,10.073,,,,
2548,2011,Dwyane Wade,76,2823,SG,MIA,0,0.583,36.091,25.539,4.164,50.855,35.987,6.67,5.79,6.434,4.553,0.88,8.245,,,,
2730,2011,Dwight Howard,78,2935,C,ORL,0,0.609,32.063,22.872,6.787,36.934,26.346,4.1,0.77,1.923,1.372,3.33,9.656,,,,
101108,2011,Chris Paul,80,2880,PG,NOH,0,0.572,23.697,15.85,3.117,56.12,37.538,6.4,4.75,14.614,9.775,1.65,13.413,,,,
201142,2011,Kevin Durant,78,3038,SF,OKC,0,0.583,36.313,27.705,4.209,44.312,33.808,3.56,4.1,3.596,2.744,-0.55,0.432,,,,
201566,2011,Russell Westbrook,82,2848,PG,OKC,0,0.533,32.133,21.866,-0.816,58.584,39.866,1.11,1.74,12.007,8.171,-0.63,-8.055,,,,
201935,2011,James Harden,82,2188,SG,OKC,0,0.595,23.762,12.171,5.372,33.738,17.28,2.83,2.35,4.19,2.146,0.48,2.311,,,,
201939,2011,Stephen Curry,74,2489,PG,GSW,0,0.592,27.487,18.554,5.068,46.707,31.527,1.75,2.15,8.649,5.838,-0.4,4.06,,,,
202331,2011,Paul George,61,1265,SG,IND,0,0.541,19.017,7.803,-0.009,24.77,10.164,0.83,-0.29,2.597,1.066,1.12,2.221,,,,
467,2012,Jason Kidd,48,1379,PG,DAL,0,0.52,11.275,6.229,-0.665,33.296,18.396,0.52,-0.79,9.955,5.5,1.3,2.88,,,,
708,2012,Kevin Garnett,60,1864,C,BOS,0,0.545,27.174,15.783,1.766,38.565,22.4,5.56,0.98,5.022,2.917,4.58,11.312,,,,
951,2012,Ray Allen,46,1565,SG,BOS,0,0.6,22.091,14.239,7.319,29.815,19.217,0.0,1.29,3.676,2.37,-1.29,-0.182,,,,
959,2012,Steve Nash,62,1962,PG,PHX,0,0.616,20.104,12.452,8.909,58.073,35.968,4.37,4.99,17.292,10.71,-0.62,11.325,,,,
977,2012,Kobe Bryant,58,2232,SG,LAL,0,0.522,37.943,27.862,-0.455,51.561,37.862,2.73,4.47,6.199,4.552,-1.74,4.795,,,,
1495,2012,Tim Duncan,58,1634,C,SAS,0,0.531,28.485,15.431,0.384,37.778,20.466,6.36,1.23,4.201,2.276,5.12,2.26,,,,
1503,2012,Tracy McGrady,52,837,SF,ATL,0,0.506,17.59,5.25,-2.144,34.278,10.231,-0.12,-0.76,7.088,2.115,0.64,2.224,,,,
1713,2012,Vince Carter,61,1542,SG,DAL,0,0.516,20.925,10.082,-1.067,31.711,15.279,1.39,0.32,4.729,2.279,1.07,11.609,,,,
1717,2012,Dirk Nowitzki,62,2079,PF,DAL,0,0.556,34.001,21.645,2.918,42.412,27.0,5.8,4.82,3.446,2.194,0.99,13.153,,,,
1718,2012,Paul Pierce,61,2075,SF,BOS,0,0.562,29.801,19.361,3.48,44.638,29.0,3.54,2.76,6.914,4.492,0.78,5.274,,,,
1938,2012,Manu Ginobili,34,792,SG,SAS,0,0.664,28.151,12.941,13.68,49.456,22.735,4.94,4.19,9.661,4.441,0.75,9.31,,,,
2200,2012,Pau Gasol,65,2430,PF,LAL,0,0.544,24.559,17.369,1.75,35.849,25.354,1.87,1.07,5.156,3.646,0.79,8.183,,,,
2225,2012,Tony Parker,60,1923,PG,SAS,0,0.535,29.571,18.25,0.834,58.493,36.1,1.62,1.9,12.503,7.717,-0.28,7.0,,,,
2544,2012,LeBron James,62,2326,SF,MIA,0,0.603,37.609,27.145,7.552,57.095,41.21,8.39,6.85,8.648,6.242,1.54,14.103,,,,
2546,2012,Carmelo Anthony,55,1876,SF,NYK,0,0.518,34.138,22.636,-0.933,46.833,31.055,2.03,3.04,5.484,3.636,-1.01,-1.929,,,,
2547,2012,Chris Bosh,57,2007,PF,MIA,0,0.549,26.797,17.982,2.203,32.993,22.14,2.66,0.79,2.693,1.807,1.87,9.626,,,,
2548,2012,Dwyane Wade,49,1625,SG,MIA,0,0.554,34.569,22.082,2.693,50.447,32.224,6.42,5.35,7.188,4.592,1.07,8.158,,,,
2730,2012,Dwight Howard,54,2070,C,ORL,0,0.566,28.984,20.611,3.912,36.016,25.611,4.05,0.9,2.708,1.926,3.15,8.823,,,,
101108,2012,Chris Paul,60,2180,PG,LAC,0,0.572,29.402,19.817,4.543,60.015,40.45,6.63,5.3,13.427,9.05,1.33,13.969,,,,
201142,2012,Kevin Durant,66,2546,SF,OKC,0,0.604,36.963,28.03,7.713,47.792,36.242,4.81,5.32,4.615,3.5,-0.51,3.301,,,,
201566,2012,Russell Westbrook,66,2331,PG,OKC,0,0.536,33.936,23.606,0.876,51.993,36.167,3.34,3.85,7.885,5.485,-0.51,4.02,,,,
201935,2012,James Harden,62,1946,SG,OKC,0,0.657,27.855,16.839,12.985,42.156,25.484,3.28,3.71,6.11,3.694,-0.43,8.635,,,,
201939,2012,Stephen Curry,26,732,PG,GSW,0,0.6,26.542,14.731,7.268,47.956,26.615,2.65,2.34,9.563,5.308,0.31,10.144,,,,
202331,2012,Paul George,66,1958,SG,IND,0,0.552,21.348,12.091,2.487,30.819,17.455,2.52,0.94,4.227,2.394,1.58,7.164,,,,
202681,2012,Kyrie Irving,51,1558,PG,CLE,0,0.562,31.373,18.51,3.532,52.21,30.804,2.28,3.88,9.139,5.392,-1.61,4.727,,,,
202691,2012,Klay Thompson,66,1608,SG,GSW,0,0.542,26.637,12.515,1.453,36.246,17.03,-0.48,0.74,4.289,2.015,-1.22,-2.725,,,,
202695,2012,Kawhi Leonard,64,1534,SF,SAS,0,0.574,17.204,7.922,4.653,23.108,10.641,1.51,0.86,2.375,1.094,0.66,-4.813,,,,
467,2013,Jason Kidd,76,2043,SG,NYK,0,0.531,11.955,6.026,-0.368,27.617,13.921,-0.28,-1.4,6.5,3.276,1.12,0.32,,,,
708,2013,Kevin Garnett,68,2022,C,BOS,0,0.531,26.442,14.765,-0.351,36.002,20.103,3.77,-0.7,4.188,2.338,4.47,5.718,,,,
951,2013,Ray Allen,79,2035,SG,MIA,0,0.59,22.705,10.924,5.55,31.097,14.962,-0.41,1.36,3.552,1.709,-1.77,-8.281,,,,
959,2013,Steve Nash,50,1627,PG,LAL,0,0.591,19.654,12.72,5.647,42.738,27.66,1.95,3.09,10.29,6.66,-1.15,-0.88,,,,
977,2013,Kobe Bryant,78,3013,SG,LAL,0,0.566,35.933,27.346,3.147,54.33,41.346,2.35,4.22,7.901,6.013,-1.87,2.96,,,,
1495,2013,Tim Duncan,69,2078,C,SAS,0,0.552,30.237,17.783,1.671,40.168,23.623,5.92,0.72,4.534,2.667,5.21,8.32,,,,
1713,2013,Vince Carter,81,2093,SF,DAL,0,0.568,26.401,13.432,3.338,36.86,18.753,1.85,1.05,4.708,2.395,0.81,11.891,,,,
1717,2013,Dirk Nowitzki,53,1662,PF,DAL,0,0.561,28.452,17.302,2.631,37.543,22.83,3.68,2.56,4.096,2.491,1.12,1.865,,,,
1718,2013,Paul Pierce,77,2575,SF,BOS,0,0.555,28.901,18.571,2.002,45.271,29.091,3.19,2.41,7.478,4.805,0.79,7.467,,,,
1938,2013,Manu Ginobili,60,1393,SG,SAS,0,0.56,25.134,11.75,2.465,47.451,22.183,3.0,1.74,9.768,4.567,1.26,2.342,,,,
2200,2013,Pau Gasol,49,1655,PF,LAL,0,0.506,20.759,13.735,-2.898,35.071,23.204,0.94,0.57,6.169,4.082,0.37,2.622,,,,
2225,2013,Tony Parker,66,2174,PG,SAS,0,0.585,31.508,20.318,5.016,58.952,38.015,1.76,1.96,11.725,7.561,-0.21,8.038,,,,
2544,2013,LeBron James,76,2877,PF,MIA,0,0.638,37.337,26.789,10.278,61.141,43.868,8.63,7.07,10.105,7.25,1.57,16.211,,,,
2546,2013,Carmelo Anthony,67,2482,PF,NYK,0,0.555,41.308,28.657,2.004,50.818,35.254,2.24,3.69,3.679,2.552,-1.45,4.584,,,,
2547,2013,Chris Bosh,74,2454,C,MIA,0,0.589,26.655,16.649,5.371,32.886,20.541,2.91,0.96,2.661,1.662,1.94,3.046,,,,
2548,2013,Dwyane Wade,69,2391,SG,MIA,0,0.57,32.246,21.203,3.484,49.967,32.855,5.45,4.37,7.758,5.101,1.08,9.963,,,,
2730,2013,Dwight Howard,76,2722,C,LAL,0,0.565,24.476,17.053,3.045,29.632,20.645,2.39,-0.37,2.04,1.421,2.76,2.979,,,,
101108,2013,Chris Paul,70,2335,PG,LAC,0,0.584,26.845,16.943,4.855,61.747,38.971,6.61,5.51,15.346,9.686,1.1,6.697,,,,
201142,2013,Kevin Durant,81,3119,SF,OKC,0,0.639,37.531,28.148,10.391,52.346,39.259,5.8,5.93,6.156,4.617,-0.14,8.21,,,,
201566,2013,Russell Westbrook,82,2861,PG,OKC,0,0.53,33.867,23.207,-0.492,57.893,39.671,4.75,4.65,10.803,7.402,0.1,4.55,,,,
201935,2013,James Harden,78,2985,SG,HOU,0,0.596,33.599,25.936,6.053,51.835,40.013,4.33,5.31,7.557,5.833,-0.97,-3.515,,,,
201939,2013,Stephen Curry,78,2983,PG,GSW,0,0.585,30.174,22.897,4.985,50.127,38.038,3.82,3.55,9.106,6.91,0.27,2.294,,,,
202331,2013,Paul George,79,2972,SF,IND,0,0.529,24.771,17.43,-0.571,38.01,26.747,3.3,1.32,5.882,4.139,1.97,9.577,,,,
202681,2013,Kyrie Irving,59,2048,PG,CLE,0,0.55,32.903,22.458,1.538,51.974,35.475,1.14,2.63,8.691,5.932,-1.49,0.099,,,,
202691,2013,Klay Thompson,82,2936,SG,GSW,0,0.529,23.419,16.573,-0.55,30.329,21.463,0.19,0.4,3.154,2.232,-0.21,1.456,,,,
202695,2013,Kawhi Leonard,58,1810,SF,SAS,0,0.587,19.529,11.879,5.179,25.567,15.552,2.95,1.76,2.636,1.603,1.19,5.982,,,,
202710,2013,Jimmy Butler,82,2133,SF,CHI,0,0.569,17.948,8.598,3.399,24.465,11.72,2.2,1.05,2.928,1.402,1.15,5.003,,,,
203076,2013,Anthony Davis,64,1846,PF,NOH,0,0.561,25.27,13.547,2.58,29.467,15.797,1.15,0.58,1.836,0.984,0.57,-1.153,,,,
203081,2013,Damian Lillard,82,3167,PG,POR,0,0.542,25.797,19.049,0.748,46.111,34.049,0.11,2.4,8.77,6.476,-2.29,8.99,,,,
203110,2013,Draymond Green,79,1061,SF,GSW,0,0.401,10.924,2.873,-13.394,16.603,4.367,-0.65,-1.4,2.551,0.671,0.74,-1.986,,,,
708,2014,Kevin Garnett,54,1109,C,BKN,0,0.465,16.988,6.519,-7.645,26.207,10.056,0.82,-2.47,3.958,1.519,3.29,-0.752,9.6,12.051,-0.454,-8.098
951,2014,Ray Allen,73,1936,SG,MIA,0,0.583,19.274,9.603,4.236,28.705,14.301,-0.94,0.68,3.932,1.959,-1.62,-2.719,8.7,11.273,0.428,4.664
1495,2014,Tim Duncan,74,2158,C,SAS,0,0.534,26.398,15.122,-0.7,37.839,21.676,4.31,-0.52,5.19,2.973,4.83,-3.178,12.2,8.05,-0.437,-1.137
1713,2014,Vince Carter,81,1973,SG,DAL,0,0.536,24.865,11.938,-0.511,37.105,17.815,1.32,1.01,5.451,2.617,0.31,2.081,14.5,20.795,2.624,2.112
1717,2014,Dirk Nowitzki,80,2628,PF,DAL,0,0.599,33.748,21.688,5.767,43.28,27.812,4.24,3.94,4.202,2.7,0.29,6.721,11.6,10.781,1.326,7.093
1718,2014,Paul Pierce,75,2098,SF,BKN,0,0.59,25.288,13.467,4.881,35.829,19.08,1.28,0.37,4.457,2.373,0.91,5.673,13.4,13.643,0.298,5.179
1938,2014,Manu Ginobili,68,1551,SG,SAS,0,0.585,26.85,12.324,4.429,48.222,22.132,4.26,3.16,9.388,4.309,1.1,7.619,19.6,16.327,0.922,5.351
2200,2014,Pau Gasol,60,1884,C,LAL,0,0.522,26.844,17.35,-1.893,39.35,25.433,-0.55,-0.09,5.183,3.35,-0.46,-5.244,14.7,8.191,0.345,-1.548
2225,2014,Tony Parker,68,1997,PG,SAS,0,0.552,28.767,16.676,1.081,51.522,29.868,0.96,1.53,9.843,5.706,-0.57,-2.547,45.3,6.009,1.857,2.938
2544,2014,LeBron James,77,2902,PF,MIA,0,0.649,37.64,27.13,10.806,58.468,42.143,8.11,7.12,8.793,6.338,0.99,7.412,29.0,4.925,0.57,11.376
2546,2014,Carmelo Anthony,77,2982,PF,NYK,0,0.556,37.614,27.429,1.523,48.157,35.117,2.91,3.82,4.31,3.143,-0.91,8.657,21.1,11.071,2.743,4.266
2547,2014,Chris Bosh,79,2531,C,MIA,0,0.595,26.582,16.215,5.37,30.857,18.823,2.24,0.59,1.805,1.101,1.65,10.404,7.8,7.605,-0.678,4.692
2548,2014,Dwyane Wade,54,1775,SG,MIA,0,0.589,30.076,19.037,4.799,46.87,29.667,3.24,3.03,7.373,4.667,0.21,-1.609,22.7,13.544,0.376,5.175
2730,2014,Dwight Howard,71,2397,C,HOU,0,0.592,27.277,18.268,5.07,33.796,22.634,2.94,0.93,2.755,1.845,2.02,5.24,11.8,12.168,-0.115,4.954
101108,2014,Chris Paul,62,2171,PG,LAC,0,0.569,27.005,19.113,2.777,61.076,43.226,7.1,5.64,15.109,10.694,1.46,9.31,46.0,8.247,2.852,5.629
201142,2014,Kevin Durant,81,3122,SF,OKC,0,0.631,41.356,32.012,9.005,57.368,44.407,6.37,6.63,7.097,5.494,-0.27,7.189,20.4,10.151,1.255,10.259
201566,2014,Russell Westbrook,46,1412,PG,OKC,0,0.545,34.623,21.783,0.357,59.468,37.413,5.33,5.22,11.023,6.935,0.11,1.625,45.4,7.12,0.096,0.452
201935,2014,James Harden,73,2778,SG,HOU,0,0.612,33.065,25.356,7.128,51.697,39.644,4.49,5.82,7.967,6.11,-1.33,7.777,27.5,6.173,0.561,7.689
201939,2014,Stephen Curry,78,2846,PG,GSW,0,0.609,32.585,24.013,6.803,58.438,43.064,5.79,4.91,11.587,8.538,0.88,15.552,40.0,13.137,1.802,8.604
202331,2014,Paul George,80,2898,SF,IND,0,0.549,31.235,21.712,0.842,42.564,29.588,3.83,1.93,5.089,3.538,1.91,6.776,21.0,6.537,1.465,2.307
202681,2014,Kyrie Irving,71,2496,PG,CLE,0,0.53,30.588,20.817,-1.122,50.559,34.408,0.78,1.91,8.961,6.099,-1.13,-4.021,38.5,9.115,2.061,0.939
202691,2014,Klay Thompson,81,2868,SG,GSW,0,0.553,25.928,18.37,1.232,33.037,23.407,1.91,1.89,3.154,2.235,0.03,15.208,8.7,12.486,0.639,1.871
202695,2014,Kawhi Leonard,66,1923,SF,SAS,0,0.605,22.193,12.788,6.445,30.529,17.591,4.14,2.17,3.497,2.015,1.96,4.039,11.7,10.433,-0.923,5.522
202710,2014,Jimmy Butler,67,2591,SG,CHI,0,0.517,18.193,13.104,-2.392,26.357,18.985,2.3,0.86,3.626,2.612,1.44,5.862,10.8,6.675,-0.643,-3.035
203076,2014,Anthony Davis,67,2358,PF,NOP,0,0.579,30.712,20.806,3.82,35.955,24.358,2.13,2.05,2.313,1.567,0.08,0.852,9.7,12.269,-0.718,3.102
203081,2014,Damian Lillard,82,2937,PG,POR,0,0.562,29.019,20.671,2.055,47.355,33.732,1.35,3.03,7.824,5.573,-1.69,6.087,41.7,9.945,2.11,4.166
203110,2014,Draymond Green,82,1796,SF,GSW,0,0.492,14.226,6.232,-4.871,24.193,10.598,1.8,-0.41,4.232,1.854,2.21,-0.429,10.7,12.099,-1.594,-6.465
203507,2014,Giannis Antetokounmpo,77,1897,SF,MIL,0,0.51,14.415,6.818,-3.129,23.668,11.195,-0.99,-1.38,4.119,1.948,0.4,6.725,13.0,13.072,-1.26,-4.389
708,2015,Kevin Garnett,47,952,PF,MIN,0,0.494,17.816,6.872,-4.012,27.523,10.617,0.09,-3.0,4.247,1.638,3.08,6.52,9.6,13.684,-0.55,-4.562
977,2015,Kobe Bryant,35,1207,SG,LAL,0,0.474,32.556,22.343,-6.045,50.916,34.943,-1.27,1.52,8.201,5.629,-2.79,-7.418,31.6,9.325,2.811,-3.233
1495,2015,Tim Duncan,77,2227,C,SAS,0,0.558,24.643,13.896,2.387,36.458,20.558,3.75,-1.08,5.297,2.987,4.83,1.06,12.0,8.812,-1.372,1.015
1713,2015,Vince Carter,66,1091,SG,MEM,0,0.441,18.208,5.818,-9.335,26.221,8.379,-1.3,-1.69,3.746,1.197,0.39,-4.072,10.8,17.685,1.409,-7.927
1717,2015,Dirk Nowitzki,77,2282,PF,DAL,0,0.555,29.609,17.312,2.084,37.139,21.714,1.87,1.91,3.176,1.857,-0.04,0.939,9.6,11.534,0.996,3.08
1718,2015,Paul Pierce,73,1914,SF,WAS,0,0.577,22.872,11.89,4.336,31.014,16.123,0.85,-0.05,3.794,1.973,0.91,5.561,9.0,13.292,-0.386,3.95
1938,2015,Manu Ginobili,70,1587,SG,SAS,0,0.541,23.458,10.543,0.668,44.914,20.186,2.49,0.9,9.313,4.186,1.59,4.985,22.9,14.286,1.295,1.962
2200,2015,Pau Gasol,78,2681,PF,CHI,0,0.548,27.632,18.538,1.373,37.283,25.013,-0.51,-0.12,4.013,2.692,-0.39,0.742,12.3,7.098,-0.107,1.265
2225,2015,Tony Parker,68,1953,PG,SAS,0,0.537,25.732,14.353,0.347,46.507,25.941,-0.52,0.63,8.832,4.926,-1.16,-1.388,43.4,10.672,2.315,2.662
2544,2015,LeBron James,69,2494,SF,CLE,0,0.576,36.275,25.261,4.161,61.873,43.087,7.88,6.68,10.635,7.406,1.19,16.926,35.4,8.566,1.7,5.861
2546,2015,Carmelo Anthony,40,1428,SF,NYK,0,0.528,35.897,24.15,-0.59,46.451,31.25,2.21,3.42,4.534,3.05,-1.21,8.611,18.6,7.692,2.049,1.459
2547,2015,Chris Bosh,44,1556,C,MIA,0,0.541,31.879,21.091,0.676,39.196,25.932,1.51,0.76,3.263,2.159,0.75,-1.637,13.3,5.281,1.602,2.277
2548,2015,Dwyane Wade,62,1971,SG,MIA,0,0.53,35.645,21.468,-0.406,54.097,32.581,2.21,2.95,8.007,4.823,-0.74,1.714,28.1,11.613,1.922,1.515
2730,2015,Dwight Howard,41,1223,C,HOU,0,0.594,26.595,15.756,5.975,31.783,18.829,2.93,0.17,2.058,1.22,2.76,7.945,11.7,12.254,-0.27,5.705
101108,2015,Chris Paul,82,2858,PG,LAC,0,0.59,27.677,19.073,5.611,61.44,42.341,8.03,6.01,14.829,10.22,2.02,21.28,48.0,9.461,2.764,8.376
201142,2015,Kevin Durant,27,913,SF,OKC,0,0.629,36.961,25.407,9.505,50.431,34.667,6.61,6.42,5.927,4.074,0.19,7.764,18.1,9.426,1.419,10.924
201566,2015,Russell Westbrook,67,2302,PG,OKC,0,0.531,40.051,28.149,-0.29,67.551,47.478,5.64,5.72,12.189,8.567,-0.08,6.617,47.3,6.733,0.319,0.029
201935,2015,James Harden,81,2981,SG,HOU,0,0.598,37.136,27.37,6.409,60.251,44.407,5.94,6.62,9.464,6.975,-0.68,8.265,33.8,9.035,1.467,7.875
201939,2015,Stephen Curry,80,2613,PG,GSW,0,0.636,34.882,23.75,10.236,60.988,41.525,7.08,6.16,11.364,7.738,0.92,18.791,34.4,9.706,0.355,10.592
202681,2015,Kyrie Irving,75,2730,PG,CLE,0,0.581,30.752,21.707,4.677,47.884,33.8,2.51,3.58,7.348,5.187,-1.07,9.809,35.4,7.338,2.086,6.763
202691,2015,Klay Thompson,77,2455,SG,GSW,0,0.589,32.964,21.662,5.494,42.945,28.221,3.46,3.48,4.387,2.883,-0.02,12.925,12.7,9.211,0.466,5.96
202695,2015,Kawhi Leonard,64,2033,SF,SAS,0,0.565,26.611,16.516,3.099,35.901,22.281,4.85,2.77,4.053,2.516,2.09,10.482,14.8,9.233,0.148,3.246
202710,2015,Jimmy Butler,65,2514,SG,CHI,0,0.576,26.814,20.015,4.24,36.954,27.585,3.07,1.78,4.369,3.262,1.29,3.822,13.8,6.31,-0.132,4.108
203076,2015,Anthony Davis,68,2455,PF,NOP,0,0.589,35.167,24.353,5.481,42.684,29.559,4.21,2.82,3.164,2.191,1.39,11.768,10.9,8.704,-0.121,5.36
203081,2015,Damian Lillard,82,2925,PG,POR,0,0.557,29.97,20.976,2.327,50.462,35.317,2.18,3.28,8.834,6.183,-1.1,2.204,45.6,6.713,2.36,4.687
203110,2015,Draymond Green,79,2490,PF,GSW,0,0.54,17.922,11.658,0.586,31.504,20.494,2.86,0.68,5.663,3.684,2.18,15.558,12.0,11.92,-2.037,-1.451
203507,2015,Giannis Antetokounmpo,81,2541,SG,MIL,0,0.551,20.85,12.716,1.68,30.709,18.728,0.25,-0.62,4.19,2.556,0.87,-0.604,14.0,11.683,-1.337,0.343
708,2016,Kevin Garnett,38,556,PF,MIN,0,0.488,11.307,3.211,-5.3,23.818,6.763,0.06,-3.32,5.746,1.632,3.37,10.881,9.8,14.213,-0.874,-6.174
977,2016,Kobe Bryant,66,1863,SF,LAL,0,0.468,30.828,17.591,-7.343,41.875,23.894,-1.87,1.25,4.886,2.788,-3.12,-10.431,19.6,9.054,2.888,-4.455
1495,2016,Tim Duncan,61,1537,C,SAS,0,0.526,17.564,8.557,-1.479,29.475,14.361,3.11,-1.58,5.485,2.672,4.69,4.406,9.9,10.189,-1.732,-3.211
1713,2016,Vince Carter,60,1005,SG,MEM,0,0.514,19.799,6.583,-2.668,26.165,8.7,-1.94,-1.43,2.807,0.933,-0.51,-0.59,11.1,17.262,1.093,-1.575
1717,2016,Dirk Nowitzki,75,2364,PF,DAL,0,0.549,29.493,18.293,0.803,36.457,22.613,2.22,1.88,2.837,1.76,0.33,8.028,9.4,10.359,1.31,2.113
1718,2016,Paul Pierce,68,1230,SF,LAC,0,0.487,17.097,6.132,-5.385,23.944,8.588,-2.14,-2.08,2.911,1.044,-0.06,-4.515,9.4,15.098,0.255,-5.13
1938,2016,Manu Ginobili,58,1134,SG,SAS,0,0.568,24.471,9.569,2.717,41.931,16.397,2.37,0.56,7.804,3.052,1.81,4.722,20.0,11.765,0.86,3.577
2200,2016,Pau Gasol,72,2292,C,CHI,0,0.528,25.816,16.486,-1.344,40.365,25.778,-0.93,-0.77,6.394,4.083,-0.15,2.018,13.7,9.073,-0.018,-1.362
2225,2016,Tony Parker,72,1981,PG,SAS,0,0.542,22.382,11.903,0.141,44.346,23.583,-0.05,0.36,9.898,5.264,-0.41,-1.162,44.9,8.174,2.155,2.296
2544,2016,LeBron James,76,2709,SF,CLE,0,0.59,36.551,25.263,4.948,60.689,41.947,8.64,6.94,9.785,6.763,1.7,17.212,30.0,7.559,0.755,5.702
2546,2016,Carmelo Anthony,72,2530,SF,NYK,0,0.524,32.037,21.847,-1.692,46.375,31.625,2.15,3.13,6.09,4.153,-0.99,4.887,20.4,12.106,2.679,0.987
2547,2016,Chris Bosh,53,1778,PF,MIA,0,0.568,29.662,19.057,2.71,38.238,24.566,1.74,0.72,3.759,2.415,1.01,-2.172,12.5,8.824,1.023,3.733
2548,2016,Dwyane Wade,74,2258,SG,MIA,0,0.512,32.03,19.041,-2.856,49.966,29.703,1.41,2.05,7.82,4.649,-0.64,-5.147,26.3,10.969,1.787,-1.069
2730,2016,Dwight Howard,71,2280,C,HOU,0,0.599,21.375,13.746,5.777,26.478,17.028,2.15,-0.45,2.146,1.38,2.6,-0.188,9.4,10.993,-2.807,2.97
101108,2016,Chris Paul,74,2420,PG,LAC,0,0.566,29.723,19.541,2.497,64.872,42.649,8.15,5.9,15.17,9.973,2.24,16.487,52.1,7.563,3.021,5.518
201142,2016,Kevin Durant,72,2578,SF,OKC,0,0.631,38.721,28.181,9.012,54.504,39.667,6.34,6.43,6.889,5.014,-0.09,13.921,20.0,8.905,1.165,10.177
201566,2016,Russell Westbrook,80,2750,PG,OKC,0,0.55,33.668,23.475,0.947,66.44,46.325,6.84,6.45,14.952,10.425,0.39,13.772,49.2,8.571,0.888,1.835
201935,2016,James Harden,82,3125,SG,HOU,0,0.595,37.512,28.976,5.443,60.53,46.756,5.43,6.2,9.662,7.463,-0.77,7.331,34.7,8.624,1.618,7.061
201939,2016,Stephen Curry,79,2700,PG,GSW,0,0.669,41.659,30.063,12.781,63.094,45.532,7.65,6.59,9.244,6.671,1.05,22.96,33.9,9.133,0.202,12.983
202331,2016,Paul George,81,2819,SF,IND,0,0.554,32.722,23.136,1.28,45.469,32.148,4.06,1.85,5.745,4.062,2.21,3.8,19.2,9.508,1.192,2.472
202681,2016,Kyrie Irving,53,1667,PG,CLE,0,0.537,32.369,19.642,-0.447,51.026,30.962,2.21,3.85,7.774,4.717,-1.64,0.541,39.2,8.571,2.525,2.078
202691,2016,Klay Thompson,80,2666,SG,GSW,0,0.597,31.864,22.138,5.556,38.773,26.938,3.35,4.13,2.987,2.075,-0.79,12.994,10.1,10.294,-0.32,5.236
202695,2016,Kawhi Leonard,72,2380,SF,SAS,0,0.614,32.873,21.153,7.251,42.046,27.056,6.68,4.32,4.015,2.583,2.36,7.507,16.1,7.342,1.358,8.61
202710,2016,Jimmy Butler,67,2474,SG,CHI,0,0.556,28.504,20.881,1.474,43.684,32.0,2.55,1.93,6.54,4.791,0.62,2.959,23.6,7.867,1.074,2.549
203076,2016,Anthony Davis,61,2164,C,NOP,0,0.552,33.875,24.279,1.056,40.142,28.77,2.31,1.65,2.653,1.902,0.66,-1.089,11.9,8.96,-0.187,0.868
203081,2016,Damian Lillard,75,2676,PG,POR,0,0.555,34.694,25.053,1.428,57.164,41.28,2.55,4.1,9.453,6.827,-1.55,2.2,48.9,9.443,2.963,4.392
203110,2016,Draymond Green,81,2808,PF,GSW,0,0.585,19.196,13.963,4.44,43.143,31.383,4.52,1.87,10.149,7.383,2.65,26.376,16.8,8.866,-1.604,2.837
203507,2016,Giannis Antetokounmpo,80,2823,PG,MIL,0,0.563,24.403,16.875,2.244,38.033,26.3,1.49,1.17,6.236,4.312,0.32,4.341,22.1,11.279,-1.026,1.218
203999,2016,Nikola Jokic,80,1733,C,DEN,0,0.583,23.295,9.95,4.172,36.114,15.425,3.12,0.7,5.531,2.362,2.42,9.804,12.6,12.288,-1.653,2.519
1626164,2016,Devin Booker,76,2108,SG,PHX,0,0.531,24.366,13.789,-0.985,35.294,19.974,-2.69,-0.4,4.65,2.632,-2.3,-4.498,18.3,14.847,0.641,-0.343
1713,2017,Vince Carter,73,1800,SF,MEM,0,0.537,17.03,8.027,-1.487,25.894,12.205,-0.97,-0.93,3.865,1.822,-0.04,6.752,10.2,21.094,1.457,-0.03
1717,2017,Dirk Nowitzki,54,1424,PF,DAL,0,0.524,27.386,14.241,-2.793,34.58,17.981,0.17,-0.18,2.92,1.519,0.35,1.421,8.5,13.58,0.669,-2.125
1938,2017,Manu Ginobili,69,1291,SG,SAS,0,0.534,19.591,7.493,-1.791,35.847,13.71,1.0,-0.54,6.934,2.652,1.54,3.717,15.9,12.418,0.657,-1.134
2200,2017,Pau Gasol,64,1627,C,SAS,0,0.576,25.04,12.375,2.358,35.694,17.641,-1.53,-1.65,4.742,2.344,0.12,-1.541,11.5,9.418,-0.848,1.51
2225,2017,Tony Parker,63,1587,PG,SAS,0,0.514,21.189,10.127,-3.813,42.411,20.27,-0.8,-0.03,9.465,4.524,-0.77,-2.408,42.1,11.007,1.765,-2.048
2544,2017,LeBron James,74,2795,SF,CLE,0,0.622,35.15,26.405,7.049,64.67,48.581,8.26,6.66,11.621,8.73,1.6,16.821,33.9,6.345,0.348,7.397
2546,2017,Carmelo Anthony,74,2538,SF,NYK,0,0.533,32.761,22.419,-1.882,42.615,29.162,0.11,1.57,4.206,2.878,-1.46,-2.947,17.8,11.876,2.513,0.632
2548,2017,Dwyane Wade,60,1792,SG,CHI,0,0.506,30.717,18.267,-4.561,45.235,26.9,-0.11,0.52,6.39,3.8,-0.63,-5.042,22.0,13.024,1.515,-3.046
2730,2017,Dwight Howard,74,2199,C,ATL,0,0.622,22.737,13.541,6.959,28.069,16.716,1.07,-1.16,2.36,1.405,2.23,-3.177,9.1,11.339,-2.647,4.312
101108,2017,Chris Paul,61,1921,PG,LAC,0,0.605,28.803,18.098,5.314,62.484,39.262,8.19,5.93,14.688,9.23,2.26,19.855,48.5,7.258,2.387,7.701
201142,2017,Kevin Durant,62,2070,PF,GSW,0,0.653,35.722,25.081,10.09,52.493,36.855,5.84,5.83,6.892,4.839,0.01,8.447,16.3,9.252,-0.248,9.842
201566,2017,Russell Westbrook,81,2802,PG,OKC,0,0.55,44.225,31.58,-0.187,76.833,54.864,6.71,6.29,14.523,10.37,0.42,12.738,53.3,8.998,1.744,1.557
201935,2017,James Harden,81,2947,PG,HOU,0,0.619,38.328,29.086,6.684,73.825,56.025,5.1,6.29,14.755,11.198,-1.19,3.92,50.9,7.88,2.571,9.255
201939,2017,Stephen Curry,79,2639,PG,GSW,0,0.624,35.563,25.304,7.182,57.107,40.633,8.02,6.26,9.322,6.633,1.76,18.587,31.7,12.067,0.12,7.302
202331,2017,Paul George,75,2689,SF,IND,0,0.585,33.023,23.667,3.341,43.926,31.48,4.61,2.86,4.67,3.347,1.75,8.733,17.9,9.06,1.62,4.961
202681,2017,Kyrie Irving,72,2525,PG,CLE,0,0.581,35.854,25.222,2.887,55.854,39.292,2.8,4.36,8.253,5.806,-1.55,7.821,38.1,9.078,2.003,4.89
202691,2017,Klay Thompson,78,2649,SG,GSW,0,0.59,31.835,22.333,3.754,38.505,27.013,2.62,2.9,2.924,2.051,-0.28,8.546,9.7,8.991,-0.364,3.39
202695,2017,Kawhi Leonard,74,2475,SF,SAS,0,0.608,39.211,25.514,5.619,52.586,34.216,6.54,4.69,5.4,3.514,1.85,2.248,20.9,7.306,1.642,7.261
202710,2017,Jimmy Butler,76,2809,SF,CHI,0,0.58,32.498,23.895,2.77,49.66,36.513,3.39,2.19,7.462,5.487,1.2,10.471,28.4,6.607,1.565,4.335
203076,2017,Anthony Davis,75,2708,C,NOP,0,0.576,38.164,27.987,2.439,45.036,33.027,3.04,1.52,2.855,2.093,1.52,8.937,12.8,8.015,-0.147,2.292
203081,2017,Damian Lillard,75,2693,PG,POR,0,0.585,37.213,26.987,3.28,56.315,40.84,3.61,5.1,8.09,5.867,-1.49,4.59,45.1,11.072,2.447,5.727
203110,2017,Draymond Green,76,2471,PF,GSW,0,0.517,15.071,10.211,-3.536,39.309,26.632,4.18,0.89,10.352,7.013,3.29,12.261,17.6,8.94,-1.831,-5.366
203507,2017,Giannis Antetokounmpo,80,2845,SF,MIL,0,0.597,32.938,22.9,4.526,51.996,36.15,3.72,2.35,7.803,5.425,1.37,3.264,30.0,10.993,-0.973,3.553
203954,2017,Joel Embiid,31,786,C,PHI,0,0.577,39.237,20.226,2.494,49.499,25.516,2.58,0.53,4.13,2.129,2.05,11.247,17.3,11.679,-0.049,2.445
203999,2017,Nikola Jokic,73,2038,C,DEN,0,0.641,29.03,16.726,8.861,48.407,27.89,5.12,3.79,8.535,4.918,1.33,11.828,17.5,8.872,-1.427,7.434
1626164,2017,Devin Booker,78,2731,SG,PHX,0,0.531,30.17,22.128,-2.11,41.182,30.205,-1.12,0.92,4.684,3.436,-2.04,2.991,18.3,12.774,1.038,-1.072
1713,2018,Vince Carter,58,1026,SF,SAC,0,0.525,15.611,5.397,-3.083,23.691,8.19,-1.82,-2.35,3.441,1.19,0.53,4.611,10.4,17.825,0.507,-2.576
1717,2018,Dirk Nowitzki,77,1900,C,DAL,0,0.573,24.433,12.039,1.709,31.892,15.714,-0.1,-0.58,3.163,1.558,0.48,0.593,8.0,10.658,-0.036,1.673
1938,2018,Manu Ginobili,65,1299,SG,SAS,0,0.551,22.145,8.862,-0.494,36.486,14.6,0.13,-0.13,6.267,2.508,0.27,-2.39,18.2,12.074,1.783,1.289
2200,2018,Pau Gasol,77,1812,C,SAS,0,0.537,21.733,10.065,-1.93,36.483,16.896,-2.24,-2.74,6.674,3.091,0.51,-2.894,11.6,9.193,-1.56,-3.49
2225,2018,Tony Parker,55,1071,PG,SAS,0,0.498,19.991,7.655,-5.836,41.975,16.073,-2.66,-1.62,9.259,3.545,-1.04,-5.813,43.9,7.473,2.615,-3.222
2544,2018,LeBron James,82,3026,PF,CLE,0,0.625,36.566,27.451,6.854,66.423,49.866,7.04,6.23,12.135,9.11,0.81,3.187,36.5,4.517,1.08,7.934
2546,2018,Carmelo Anthony,78,2501,PF,OKC,0,0.501,24.882,16.167,-5.488,30.051,19.526,0.13,0.4,2.032,1.321,-0.26,4.303,11.2,9.727,1.507,-3.981
2548,2018,Dwyane Wade,67,1536,SG,MIA,0,0.499,24.379,11.418,-5.705,41.587,19.478,-1.04,-0.77,7.266,3.403,-0.27,0.152,27.9,12.355,1.042,-4.662
2730,2018,Dwight Howard,81,2463,C,CHA,0,0.575,26.779,16.63,1.866,31.75,19.716,0.99,-0.35,2.087,1.296,1.35,3.358,10.6,8.173,-0.972,0.894
101108,2018,Chris Paul,58,1847,PG,HOU,0,0.601,29.303,18.638,4.456,61.236,38.948,6.81,4.62,12.388,7.879,2.19,7.957,42.7,8.602,3.43,7.886
201142,2018,Kevin Durant,68,2325,SF,GSW,0,0.64,36.857,26.353,8.417,54.607,39.044,4.99,5.36,7.528,5.382,-0.37,2.046,22.8,8.943,0.755,9.172
201566,2018,Russell Westbrook,80,2914,PG,OKC,0,0.523,34.113,25.35,-3.257,66.913,49.725,6.1,5.71,13.793,10.25,0.39,11.217,49.0,7.053,1.657,-1.601
201935,2018,James Harden,72,2551,SG,HOU,0,0.622,42.676,30.431,6.619,71.913,51.278,5.68,6.39,12.271,8.75,-0.72,5.288,49.7,6.742,4.02,10.639
201939,2018,Stephen Curry,51,1631,PG,GSW,0,0.673,38.38,26.392,11.667,58.711,40.373,7.16,6.08,8.839,6.078,1.08,12.196,31.8,9.696,0.697,12.365
202331,2018,Paul George,79,2891,SF,OKC,0,0.568,29.56,21.949,1.181,40.232,29.873,3.19,2.07,4.483,3.329,1.12,-0.214,15.2,8.185,1.516,2.697
202681,2018,Kyrie Irving,60,1931,PG,BOS,0,0.609,37.609,24.433,5.256,56.567,36.75,3.19,4.37,7.85,5.1,-1.19,3.371,36.0,8.981,2.219,7.475
202691,2018,Klay Thompson,73,2504,SG,GSW,0,0.597,28.27,20.014,4.13,36.242,25.658,1.53,1.92,3.58,2.534,-0.39,4.091,9.9,7.126,-0.552,3.578
202710,2018,Jimmy Butler,59,2164,SG,MIN,0,0.588,30.738,22.153,3.155,46.025,33.169,4.31,3.0,6.773,4.881,1.31,13.515,24.4,5.761,1.693,4.848
203076,2018,Anthony Davis,75,2727,PF,NOP,0,0.609,36.888,28.133,5.309,44.283,33.773,3.66,1.67,3.042,2.32,1.99,11.863,12.7,7.132,-1.331,3.978
203081,2018,Damian Lillard,73,2670,PG,POR,0,0.592,36.226,26.877,3.554,56.721,42.082,3.94,5.4,8.881,6.589,-1.46,10.052,43.1,6.369,3.252,6.807
203110,2018,Draymond Green,70,2287,PF,GSW,0,0.555,16.263,11.043,-0.148,40.774,27.686,3.79,0.34,10.688,7.257,3.45,2.267,17.8,8.977,-2.199,-2.347
203507,2018,Giannis Antetokounmpo,75,2756,PF,MIL,0,0.599,36.692,26.853,4.269,52.979,38.773,4.06,2.52,6.577,4.813,1.54,9.552,25.5,9.151,-0.505,3.764
203954,2018,Joel Embiid,63,1912,C,PHI,0,0.569,36.994,22.937,1.29,49.053,30.413,3.02,1.04,5.095,3.159,1.98,13.226,18.1,8.784,0.601,1.891
203999,2018,Nikola Jokic,75,2443,C,DEN,0,0.605,28.428,18.467,4.933,50.226,32.627,5.62,3.77,9.401,6.107,1.85,10.928,18.8,5.579,-0.698,4.236
1626164,2018,Devin Booker,54,1865,SG,PHX,0,0.559,34.102,24.926,0.329,49.151,35.926,-1.17,0.92,6.41,4.685,-2.08,-0.6,27.5,8.744,1.401,1.73
1628369,2018,Jayson Tatum,80,2443,SF,BOS,0,0.584,22.999,13.9,2.842,29.555,17.862,1.39,0.4,2.647,1.6,1.0,7.857,11.4,13.208,0.676,3.518
1628378,2018,Donovan Mitchell,79,2638,SG,UTA,0,0.541,30.676,20.456,-1.549,44.191,29.468,1.32,1.76,5.524,3.684,-0.44,6.456,26.1,12.117,2.235,0.686
1713,2019,Vince Carter,76,1330,PF,ATL,0,0.564,19.534,7.395,0.426,26.799,10.145,-2.45,-2.28,3.024,1.145,-0.17,-1.166,10.1,15.778,0.376,0.802
1717,2019,Dirk Nowitzki,51,795,PF,DAL,0,0.462,22.94,7.314,-9.797,28.044,8.941,-1.65,-1.2,2.153,0.686,-0.45,-5.136,7.3,11.401,0.098,-9.699
2225,2019,Tony Parker,56,1003,PG,CHA,0,0.512,25.592,9.464,-4.842,49.831,18.429,-3.6,-1.43,9.995,3.696,-2.17,0.625,46.8,7.258,3.006,-1.835
2544,2019,LeBron James,55,1937,SF,LAL,0,0.59,36.335,27.364,3.018,61.782,46.527,5.83,5.23,10.961,8.255,0.61,8.093,36.4,6.949,1.164,4.182
2548,2019,Dwyane Wade,72,1885,SG,MIA,0,0.507,27.884,15.042,-5.315,46.009,24.819,-2.04,-0.82,7.75,4.181,-1.22,-3.594,29.3,10.065,1.52,-3.795
101108,2019,Chris Paul,58,1857,PG,HOU,0,0.557,23.918,15.621,-0.342,55.095,35.983,5.62,3.42,12.487,8.155,2.2,4.402,41.3,8.0,3.644,3.301
201142,2019,Kevin Durant,78,2702,SF,GSW,0,0.629,35.474,25.987,6.887,54.865,40.192,4.53,4.81,7.998,5.859,-0.28,16.584,24.1,8.325,0.994,7.881
201566,2019,Russell Westbrook,73,2630,PG,OKC,0,0.5,29.552,22.945,-6.048,62.403,48.452,5.19,4.41,13.832,10.74,0.78,5.606,42.2,10.104,1.123,-4.925
201935,2019,James Harden,78,2867,PG,HOU,0,0.621,48.771,36.128,6.114,72.828,53.949,5.21,5.87,10.142,7.513,-0.67,4.925,50.4,6.738,3.983,10.098
201939,2019,Stephen Curry,69,2331,PG,GSW,0,0.644,37.643,27.261,8.382,54.513,39.478,5.82,5.33,7.224,5.232,0.49,16.55,28.2,8.978,0.768,9.15
202331,2019,Paul George,77,2841,SF,OKC,0,0.581,35.627,28.039,2.135,48.168,37.909,4.83,2.55,5.248,4.13,2.27,17.248,18.0,5.612,1.312,3.446
202681,2019,Kyrie Irving,67,2214,PG,BOS,0,0.59,34.315,23.821,3.015,57.816,40.134,3.87,3.96,9.976,6.925,-0.09,3.546,33.1,8.989,1.748,4.763
202691,2019,Klay Thompson,78,2652,SG,GSW,0,0.569,30.319,21.538,0.898,37.917,26.936,1.12,1.58,3.357,2.385,-0.46,-0.707,9.2,8.449,0.298,1.196
202695,2019,Kawhi Leonard,60,2040,SF,TOR,0,0.605,37.919,26.6,4.474,49.822,34.95,6.17,4.59,4.728,3.317,1.58,4.662,23.8,5.205,1.696,6.17
202710,2019,Jimmy Butler,65,2185,SF-SG,PHI,0,0.569,26.586,18.692,0.908,40.416,28.415,3.3,2.1,5.755,4.046,1.21,4.131,18.8,6.096,0.673,1.581
203076,2019,Anthony Davis,56,1850,C,NOP,0,0.594,36.881,25.929,3.423,49.987,35.143,3.74,2.15,5.537,3.893,1.58,8.646,15.7,8.936,-1.313,2.11
203081,2019,Damian Lillard,80,2838,PG,POR,0,0.585,34.998,25.838,2.488,56.451,41.675,4.38,5.34,9.329,6.888,-0.96,14.485,43.5,6.601,2.864,5.351
203110,2019,Draymond Green,66,2065,PF,GSW,0,0.527,11.162,7.364,-3.289,35.714,23.561,2.53,-0.97,10.427,6.879,3.5,8.694,14.6,9.519,-2.227,-5.515
203507,2019,Giannis Antetokounmpo,72,2358,PF,MIL,0,0.648,39.462,27.694,8.824,61.092,42.875,6.39,3.53,8.391,5.889,2.86,9.684,28.1,7.929,-0.929,7.895
203954,2019,Joel Embiid,64,2154,C,PHI,0,0.587,38.763,27.516,2.673,51.134,36.297,5.09,2.27,5.151,3.656,2.82,10.85,17.4,7.85,-0.527,2.146
203999,2019,Nikola Jokic,80,2504,C,DEN,0,0.59,31.725,20.05,2.999,58.089,36.712,5.39,3.68,11.472,7.25,1.72,3.861,23.2,6.61,-0.625,2.373
1626164,2019,Devin Booker,64,2230,SG,PHX,0,0.582,36.193,26.562,2.215,58.165,42.688,0.15,2.13,9.219,6.766,-1.97,3.851,34.5,9.943,1.561,3.776
1628369,2019,Jayson Tatum,79,2455,SF,BOS,0,0.545,24.604,15.734,-1.55,32.759,20.949,1.54,0.37,3.325,2.127,1.17,4.728,13.1,9.251,0.551,-0.999
1628378,2019,Donovan Mitchell,77,2598,SG,UTA,0,0.534,33.852,23.753,-2.559,48.751,34.208,2.82,2.37,5.96,4.182,0.45,3.903,28.4,11.096,2.482,-0.077
1628983,2019,Shai Gilgeous-Alexander,82,2174,PG,LAC,0,0.554,19.47,10.841,-0.645,33.793,18.817,-0.66,-0.56,5.913,3.293,-0.1,-6.272,28.7,9.609,1.484,0.839
1629029,2019,Luka Doncic,72,2318,SG,DAL,0,0.543,31.992,21.194,-1.661,53.962,35.75,1.9,2.99,8.994,5.958,-1.09,-3.321,40.4,6.497,2.212,0.551
1713,2020,Vince Carter,60,876,PF,ATL,0,0.47,15.902,4.967,-9.497,22.038,6.883,-3.65,-3.13,2.561,0.8,-0.52,-1.341,8.9,15.884,0.984,-8.513
2544,2020,LeBron James,67,2316,PG,LAL,0,0.581,35.449,25.343,1.621,68.894,49.254,6.46,5.03,14.28,10.209,1.43,10.287,42.9,5.288,1.451,3.072
2546,2020,Carmelo Anthony,58,1902,PF,POR,0,0.523,22.902,15.431,-4.179,28.327,19.086,-1.52,-0.51,2.175,1.466,-1.01,2.75,9.8,11.399,1.043,-3.136
2730,2020,Dwight Howard,69,1306,C,LAL,0,0.691,19.569,7.493,12.618,23.543,9.014,-0.34,-1.98,1.703,0.652,1.64,1.245,7.4,15.559,-5.246,7.372
101108,2020,Chris Paul,70,2208,PG,OKC,0,0.604,27.257,17.6,3.915,52.301,33.771,5.68,3.63,10.442,6.743,2.04,11.917,39.1,6.069,2.931,6.847
201566,2020,Russell Westbrook,57,2049,PG,HOU,0,0.536,34.596,27.246,-2.929,57.184,45.035,2.4,2.37,8.933,7.035,0.02,-1.09,32.0,11.129,0.818,-2.11
201935,2020,James Harden,68,2483,SG,HOU,0,0.63,44.333,34.338,6.489,67.61,52.368,5.91,5.77,9.721,7.529,0.14,9.992,46.9,7.055,2.452,8.941
202331,2020,Paul George,48,1419,SF,LAC,0,0.585,34.863,21.521,2.019,49.983,30.854,4.66,2.66,6.244,3.854,2.0,3.845,21.3,9.901,2.501,4.52
202681,2020,Kyrie Irving,20,658,PG,BKN,0,0.593,39.004,27.4,2.804,61.068,42.9,2.91,3.69,9.11,6.4,-0.78,-0.456,38.6,7.619,2.307,5.111
202695,2020,Kawhi Leonard,57,1848,SF,LAC,0,0.588,40.52,27.07,2.263,58.482,39.07,6.15,4.51,7.353,4.912,1.64,12.577,28.7,5.684,2.353,4.617
202710,2020,Jimmy Butler,58,1959,SF,MIA,0,0.581,29.217,19.948,1.567,50.707,34.621,3.31,2.3,8.838,6.034,1.0,5.959,31.8,4.29,0.782,2.349
203076,2020,Anthony Davis,62,2131,PF,LAL,0,0.605,36.02,26.097,4.048,46.861,33.952,4.23,2.12,4.452,3.226,2.11,-1.984,14.6,11.212,-0.732,3.315
203081,2020,Damian Lillard,66,2474,PG,POR,0,0.628,38.009,29.97,6.322,62.337,49.152,4.36,5.95,10.184,8.03,-1.59,8.414,46.0,6.48,3.375,9.697
203110,2020,Draymond Green,43,1222,PF,GSW,0,0.489,13.408,8.023,-7.633,38.127,22.814,2.35,-0.92,10.338,6.186,3.27,2.195,21.7,8.571,-0.408,-8.041
203507,2020,Giannis Antetokounmpo,63,1917,PF,MIL,0,0.617,44.172,29.476,5.197,65.628,43.794,6.78,3.55,8.421,5.619,3.23,13.225,29.3,6.993,-1.211,3.985
203954,2020,Joel Embiid,51,1506,C,PHI,0,0.586,37.917,22.98,2.073,49.596,30.059,3.64,1.11,4.918,2.98,2.53,4.716,17.2,8.782,-0.126,1.947
203999,2020,Nikola Jokic,73,2336,C,DEN,0,0.602,31.265,19.945,3.683,56.41,35.986,4.49,3.19,10.994,7.014,1.29,5.927,24.4,7.772,-0.594,3.089
1626164,2020,Devin Booker,70,2512,SG,PHX,0,0.611,35.217,26.614,4.638,56.181,42.457,1.62,3.35,8.62,6.514,-1.73,5.579,23.6,7.85,0.989,5.628
1628369,2020,Jayson Tatum,66,2265,PF,BOS,0,0.564,33.24,23.439,-0.114,43.704,30.818,3.82,2.54,4.297,3.03,1.28,10.757,19.9,6.984,1.882,1.768
1628378,2020,Donovan Mitchell,69,2364,SG,UTA,0,0.557,34.215,23.986,-0.826,49.493,34.696,2.37,3.22,6.078,4.261,-0.86,-0.982,33.3,10.392,2.586,1.759
1628983,2020,Shai Gilgeous-Alexander,70,2429,SG,OKC,0,0.566,26.846,19.014,0.104,38.161,27.029,0.89,0.84,4.679,3.314,0.05,3.026,23.2,6.036,1.966,2.07
1629029,2020,Luka Doncic,61,2047,PG,DAL,0,0.591,41.33,28.836,2.59,72.345,50.475,3.34,4.96,12.641,8.82,-1.62,0.982,51.2,6.96,2.802,5.391
1629630,2020,Ja Morant,67,2074,PG,MEM,0,0.553,27.144,17.806,-1.175,53.561,35.134,-0.96,0.38,11.104,7.284,-1.34,0.575,43.9,6.769,1.965,0.791
2544,2021,LeBron James,45,1504,PG,LAL,0,0.607,36.725,25.022,3.45,64.025,43.622,6.48,5.03,11.416,7.778,1.45,10.661,38.5,6.178,1.087,4.537
2546,2021,Carmelo Anthony,69,1690,PF,POR,0,0.545,27.018,13.391,-2.698,34.649,17.174,-2.37,-0.03,3.041,1.507,-2.34,-6.299,11.8,13.333,1.532,-1.166
2730,2021,Dwight Howard,69,1196,C,PHI,0,0.607,19.967,6.986,3.505,25.684,8.986,-1.29,-2.32,2.527,0.884,1.03,-11.164,9.6,14.017,-3.754,-0.248
101108,2021,Chris Paul,70,2199,PG,PHX,0,0.595,25.925,16.414,2.349,59.409,37.614,4.26,2.99,14.034,8.886,1.27,2.455,45.7,8.889,3.024,5.373
201142,2021,Kevin Durant,35,1157,PF,BKN,0,0.667,38.791,26.943,9.547,57.672,40.057,5.73,5.28,8.021,5.571,0.45,10.314,21.7,9.375,1.201,10.748
201566,2021,Russell Westbrook,65,2369,PG,WAS,0,0.508,28.004,22.231,-6.356,62.248,49.415,2.16,2.04,14.787,11.738,0.11,0.891,46.4,8.033,1.446,-4.909
201935,2021,James Harden,44,1609,PG,BKN,0,0.614,32.978,24.614,4.232,66.87,49.909,4.9,5.18,14.464,10.795,-0.28,5.501,46.9,9.074,3.172,7.404
201939,2021,Stephen Curry,63,2152,PG,GSW,0,0.66,43.129,31.984,8.766,61.173,45.365,4.59,5.24,7.77,5.762,-0.65,8.893,33.8,9.109,1.372,10.138
202331,2021,Paul George,54,1821,SF,LAC,0,0.596,34.54,23.315,2.371,53.553,36.148,5.15,3.64,7.682,5.185,1.51,10.456,27.0,7.071,2.41,4.782
202681,2021,Kyrie Irving,54,1886,PG,BKN,0,0.612,37.025,26.87,3.996,56.928,41.315,3.62,4.42,8.267,6.0,-0.8,1.86,33.9,10.114,1.771,5.767
202695,2021,Kawhi Leonard,52,1773,SF,LAC,0,0.62,36.415,24.846,4.816,56.003,38.212,6.53,5.03,7.582,5.173,1.51,12.482,24.6,5.386,2.135,6.95
202710,2021,Jimmy Butler,52,1745,SF,MIA,0,0.602,31.858,21.462,3.04,57.351,38.635,3.67,2.42,10.534,7.096,1.25,10.407,36.1,5.025,0.807,3.847
203076,2021,Anthony Davis,36,1162,PF,LAL,0,0.551,33.277,21.833,-2.136,44.539,29.222,3.72,1.43,4.657,3.056,2.29,3.218,16.2,6.483,-0.161,-2.297
203081,2021,Damian Lillard,67,2398,PG,POR,0,0.62,38.879,28.776,4.84,64.206,47.522,4.0,5.65,10.184,7.537,-1.65,6.591,46.6,5.49,3.166,8.006
203110,2021,Draymond Green,63,1982,PF,GSW,0,0.532,10.447,7.048,-3.963,41.741,28.159,2.05,-1.13,13.129,8.857,3.18,9.925,19.4,10.893,-1.971,-5.933
203507,2021,Giannis Antetokounmpo,61,2013,PF,MIL,0,0.635,40.117,28.148,6.346,61.752,43.328,7.31,4.71,8.341,5.852,2.6,7.018,27.8,7.806,-0.946,5.399
203954,2021,Joel Embiid,51,1585,C,PHI,0,0.628,44.251,28.451,5.643,54.925,35.314,5.96,3.35,4.422,2.843,2.61,11.674,19.0,7.303,0.293,5.936
203999,2021,Nikola Jokic,72,2488,C,DEN,0,0.645,37.801,26.361,7.295,65.883,45.944,4.42,3.62,11.93,8.319,0.81,7.816,26.8,7.981,-0.788,6.506
1626164,2021,Devin Booker,67,2270,SG,PHX,0,0.585,37.298,25.552,1.34,52.898,36.239,2.88,4.01,6.296,4.313,-1.13,2.781,23.9,9.058,1.386,2.726
1628369,2021,Jayson Tatum,64,2290,SF,BOS,0,0.575,36.286,26.438,0.295,51.212,37.312,2.93,3.37,5.919,4.312,-0.43,5.214,26.8,6.646,2.126,2.421
1628378,2021,Donovan Mitchell,53,1771,PG,UTA,0,0.571,38.563,26.434,-0.063,57.803,39.623,3.15,4.2,7.625,5.226,-1.06,-2.532,36.7,9.18,2.225,2.162
1628983,2021,Shai Gilgeous-Alexander,35,1180,SG,OKC,0,0.622,34.128,23.714,5.026,55.633,38.657,0.83,1.77,8.512,5.914,-0.93,3.315,44.8,5.812,3.103,8.129
1629029,2021,Luka Doncic,66,2254,PG,DAL,0,0.588,39.913,27.727,1.602,69.902,48.561,2.86,4.09,12.366,8.591,-1.23,3.121,52.2,8.439,3.415,5.016
1629630,2021,Ja Morant,63,2053,PG,MEM,0,0.533,28.026,19.111,-3.914,53.771,36.667,-0.37,1.31,10.824,7.381,-1.68,3.264,41.6,5.874,1.875,-2.039
1630162,2021,Anthony Edwards,72,2314,SG,MIN,0,0.523,28.595,19.333,-4.862,39.441,26.667,0.64,2.06,4.334,2.931,-1.42,1.657,20.8,7.214,1.529,-3.333
2544,2022,LeBron James,56,2084,C,LAL,0,0.625,39.603,30.268,5.855,59.299,45.321,5.53,4.99,8.154,6.232,0.55,2.339,33.5,8.194,-0.117,5.739
2546,2022,Carmelo Anthony,69,1793,PF,LAL,0,0.579,24.481,13.319,1.273,28.929,15.739,-2.54,-0.94,1.811,0.986,-1.6,0.254,8.2,12.34,-0.005,1.268
2730,2022,Dwight Howard,60,971,C,LAL,0,0.648,18.855,6.2,8.208,22.909,7.533,-1.29,-1.91,1.774,0.583,0.62,-3.282,6.8,13.529,-5.8,2.408
101108,2022,Chris Paul,65,2139,PG,PHX,0,0.574,21.842,14.738,0.83,58.345,39.369,4.57,2.98,16.005,10.8,1.6,4.828,44.0,7.571,3.443,4.274
201142,2022,Kevin Durant,55,2047,PF,BKN,0,0.632,38.632,29.873,6.581,57.794,44.691,4.92,5.08,8.253,6.382,-0.17,11.681,23.6,7.663,1.965,8.546
201566,2022,Russell Westbrook,78,2678,PG,LAL,0,0.51,25.838,18.474,-5.63,49.202,35.179,-0.35,0.31,9.862,7.051,-0.66,-2.857,37.4,9.604,0.996,-4.634
201935,2022,James Harden,65,2420,PG,PHI,0,0.586,29.201,22.031,1.961,60.522,45.662,3.75,3.62,13.601,10.262,0.13,3.18,49.3,7.614,2.99,4.951
201939,2022,Stephen Curry,64,2211,PG,GSW,0,0.602,35.644,25.469,3.64,56.309,40.234,4.83,4.78,8.834,6.312,0.05,10.411,32.4,7.613,1.766,5.407
202331,2022,Paul George,31,1077,PF,LAC,0,0.536,34.071,24.323,-3.047,53.502,38.194,4.55,2.8,7.953,5.677,1.75,5.186,30.3,6.475,2.558,-0.489
202681,2022,Kyrie Irving,29,1091,PG,BKN,0,0.593,35.425,27.448,2.675,53.004,41.069,3.8,4.3,7.432,5.759,-0.5,5.719,30.9,9.73,2.556,5.231
202691,2022,Klay Thompson,32,941,SG,GSW,0,0.547,33.591,20.375,-1.92,44.41,26.938,0.43,1.13,4.534,2.75,-0.7,-2.695,11.7,10.526,1.183,-0.737
202710,2022,Jimmy Butler,57,1931,SF,MIA,0,0.585,31.886,21.386,1.867,52.446,35.175,4.06,2.87,8.161,5.474,1.2,2.761,29.7,5.197,0.19,2.057
203076,2022,Anthony Davis,40,1404,C,LAL,0,0.573,31.584,23.175,0.746,42.112,30.9,2.29,0.47,4.157,3.05,1.82,-0.541,15.1,8.529,-2.079,-1.333
203081,2022,Damian Lillard,29,1056,PG,POR,0,0.543,32.161,23.966,-2.285,55.53,41.379,4.31,5.43,9.81,7.31,-1.12,9.886,39.7,5.983,3.145,0.86
203110,2022,Draymond Green,46,1329,PF,GSW,0,0.579,12.554,7.522,1.26,40.784,24.435,2.32,-1.22,11.611,6.957,3.55,1.812,18.7,10.756,-3.451,-2.191
203507,2022,Giannis Antetokounmpo,67,2204,PF,MIL,0,0.634,43.352,29.881,6.809,65.44,45.104,7.16,4.5,8.402,5.791,2.66,11.651,27.6,9.395,-1.596,5.213
203954,2022,Joel Embiid,68,2297,C,PHI,0,0.614,45.443,30.574,4.805,60.721,40.853,6.32,3.93,6.208,4.176,2.39,11.402,20.0,7.077,-0.184,4.62
203999,2022,Nikola Jokic,74,2476,C,DEN,0,0.664,39.566,27.081,9.763,66.338,45.405,5.32,3.95,11.53,7.892,1.37,15.933,25.9,6.401,-1.599,8.164
1626164,2022,Devin Booker,68,2345,SG,PHX,0,0.575,37.443,26.794,0.905,53.637,38.382,3.77,4.67,6.761,4.838,-0.9,4.414,24.0,8.44,1.454,2.358
1628369,2022,Jayson Tatum,76,2731,SF,BOS,0,0.575,37.459,26.921,0.87,52.71,37.882,5.24,4.59,6.115,4.395,0.66,14.394,25.5,7.403,1.642,2.512
1628378,2022,Donovan Mitchell,67,2266,SG,UTA,0,0.576,37.764,25.866,0.968,57.202,39.179,3.48,4.46,7.801,5.343,-0.98,-1.057,36.9,8.736,2.83,3.798
1628983,2022,Shai Gilgeous-Alexander,56,1942,PG,OKC,0,0.552,33.843,24.482,-1.392,53.74,38.875,1.57,2.67,8.171,5.911,-1.1,2.839,42.2,7.741,2.977,1.585
1629029,2022,Luka Doncic,65,2301,PG,DAL,0,0.57,40.773,28.415,0.36,71.258,49.662,3.28,3.93,12.539,8.738,-0.65,-0.606,52.8,6.512,3.757,4.117
1629630,2022,Ja Morant,57,1889,PG,MEM,0,0.574,39.827,27.439,0.834,62.898,43.333,2.46,3.78,9.778,6.737,-1.32,-2.177,44.8,5.54,1.827,2.66
1630162,2022,Anthony Edwards,72,2466,SG,MIN,0,0.559,30.006,21.292,-0.651,43.766,31.056,2.23,2.42,5.383,3.819,-0.19,3.933,24.8,6.479,1.74,1.089
2544,2023,LeBron James,55,1954,PF,LAL,0,0.587,38.733,28.909,0.58,59.927,44.727,4.14,3.36,9.135,6.818,0.78,8.384,31.9,5.911,0.086,0.666
101108,2023,Chris Paul,59,1889,PG,PHX,0,0.547,21.609,13.881,-3.405,54.142,34.78,3.08,1.67,13.826,8.881,1.42,-0.953,43.4,9.008,3.199,-0.206
201142,2023,Kevin Durant,47,1672,PF,PHX,0,0.681,40.117,29.064,9.964,56.388,40.851,5.02,4.41,6.902,5.0,0.61,7.17,22.5,7.328,1.624,11.588
201566,2023,Russell Westbrook,73,2126,PG,LAC,0,0.515,25.551,15.877,-6.635,53.153,33.027,0.64,1.09,12.147,7.548,-0.46,-1.599,36.9,9.916,1.209,-5.426
201935,2023,James Harden,58,2135,PG,PHI,0,0.607,28.904,20.966,2.629,62.871,45.603,4.22,4.01,14.69,10.655,0.21,4.105,46.6,6.174,2.928,5.556
201939,2023,Stephen Curry,56,1941,PG,GSW,0,0.659,39.483,29.429,7.771,59.559,44.393,4.72,4.91,8.433,6.286,-0.19,8.085,32.8,7.621,1.659,9.43
202331,2023,Paul George,56,1939,SF,LAC,0,0.584,34.014,23.786,0.299,52.247,36.536,4.49,2.79,7.354,5.143,1.71,6.5,28.1,10.349,2.161,2.46
202681,2023,Kyrie Irving,60,2240,PG-SG,DAL,0,0.613,36.011,27.05,3.161,53.938,40.517,3.75,4.2,7.344,5.517,-0.46,5.701,30.5,10.585,1.641,4.802
202691,2023,Klay Thompson,69,2279,SF,GSW,0,0.574,31.171,21.87,-0.671,39.0,27.362,0.44,0.84,3.367,2.362,-0.4,3.417,10.1,10.831,0.972,0.302
202695,2023,Kawhi Leonard,52,1748,SF,LAC,0,0.623,35.03,23.827,4.238,49.59,33.731,4.81,3.69,5.768,3.923,1.13,9.723,23.4,6.94,1.905,6.143
202710,2023,Jimmy Butler,64,2138,PF,MIA,0,0.645,34.535,22.906,6.362,54.205,35.953,3.56,2.87,8.009,5.312,0.69,3.214,27.7,4.611,0.474,6.837
203076,2023,Anthony Davis,56,1905,C,LAL,0,0.626,36.257,25.911,4.545,45.127,32.25,4.04,1.41,3.698,2.643,2.63,7.281,14.5,8.781,-1.908,2.637
203081,2023,Damian Lillard,58,2107,PG,POR,0,0.642,43.265,32.172,6.131,66.659,49.569,4.52,5.98,9.854,7.328,-1.46,13.187,41.7,8.385,2.998,9.129
203110,2023,Draymond Green,73,2297,PF,GSW,0,0.592,12.662,8.452,1.113,37.656,25.137,2.22,-1.02,10.261,6.849,3.23,12.452,14.0,10.189,-3.804,-2.691
203507,2023,Giannis Antetokounmpo,63,2024,PF,MIL,0,0.608,45.975,31.095,2.701,67.731,45.81,6.56,3.94,8.425,5.698,2.62,8.1,32.7,8.745,-1.002,1.699
203954,2023,Joel Embiid,66,2284,C,PHI,0,0.651,47.946,33.076,6.966,63.365,43.712,6.32,3.73,6.018,4.152,2.59,10.35,17.8,8.768,-0.422,6.544
203999,2023,Nikola Jokic,69,2323,C,DEN,0,0.704,35.223,24.493,12.285,67.82,47.159,7.24,4.82,14.131,9.826,2.42,22.643,26.3,6.505,-1.505,10.78
1626164,2023,Devin Booker,53,1835,SG,PHX,0,0.6,39.154,27.755,1.908,58.185,41.245,3.36,4.2,7.799,5.528,-0.85,6.626,29.7,10.85,1.872,3.781
1628369,2023,Jayson Tatum,74,2732,SF,BOS,0,0.606,39.825,30.068,2.501,55.468,41.878,4.93,4.73,6.121,4.622,0.2,5.758,26.2,5.251,1.13,3.631
1628378,2023,Donovan Mitchell,68,2432,SG,CLE,0,0.616,39.694,28.265,3.453,54.172,38.574,3.62,3.84,6.216,4.426,-0.22,1.266,31.3,10.74,2.107,5.56
1628983,2023,Shai Gilgeous-Alexander,68,2416,PG,OKC,0,0.618,41.537,31.397,3.678,59.864,45.25,2.26,2.75,7.218,5.456,-0.49,4.748,38.2,7.839,1.437,5.115
1629029,2023,Luka Doncic,66,2391,PG,DAL,0,0.608,44.532,32.394,2.725,71.943,52.333,3.58,4.57,11.019,8.015,-0.99,4.953,50.5,7.733,2.97,5.696
1629630,2023,Ja Morant,61,1948,PG,MEM,0,0.558,38.908,26.164,-2.308,67.431,45.344,2.18,2.91,12.019,8.082,-0.73,6.23,47.3,6.479,1.856,-0.452
1630162,2023,Anthony Edwards,79,2842,SG,MIN,0,0.565,32.766,24.633,-1.638,47.264,35.532,3.06,2.55,5.893,4.43,0.52,4.548,26.0,7.354,1.827,0.189
2544,2024,LeBron James,71,2504,PF,LAL,0,0.637,35.12,25.662,5.695,61.411,44.873,4.48,3.75,11.353,8.296,0.73,9.592,29.2,4.93,0.221,5.916
101108,2024,Chris Paul,58,1531,PG,GSW,0,0.543,17.16,9.19,-3.717,47.714,25.552,0.19,-0.35,12.653,6.776,0.54,0.423,34.3,8.471,3.102,-0.615
201142,2024,Kevin Durant,75,2791,PF,PHX,0,0.625,35.456,27.093,4.5,51.073,39.027,4.55,3.94,6.596,5.04,0.62,6.589,21.8,7.211,1.416,5.916
201566,2024,Russell Westbrook,68,1529,PG,LAC,0,0.514,23.831,11.088,-6.638,45.86,21.338,-0.51,-0.02,9.671,4.5,-0.49,1.256,29.2,9.572,-0.394,-7.031
201935,2024,James Harden,72,2470,PG,LAC,0,0.619,24.242,16.556,3.929,53.305,36.403,3.29,3.33,12.487,8.528,-0.03,6.328,39.0,6.398,2.862,6.79
201939,2024,Stephen Curry,74,2421,PG,GSW,0,0.615,38.527,26.432,3.535,55.702,38.216,3.07,4.14,7.465,5.122,-1.07,0.095,30.9,7.552,2.052,5.587
202331,2024,Paul George,74,2502,PF,LAC,0,0.61,33.327,22.581,2.983,45.672,30.946,4.56,3.13,5.225,3.541,1.43,15.332,19.5,8.381,1.764,4.747
202681,2024,Kyrie Irving,58,2030,SG,DAL,0,0.607,35.6,25.638,2.702,52.813,38.034,3.55,3.72,7.158,5.155,-0.17,8.726,27.3,8.824,1.557,4.259
202691,2024,Klay Thompson,77,2284,SF,GSW,0,0.576,28.923,17.857,-0.354,37.421,23.104,-0.38,0.78,3.702,2.286,-1.16,-7.63,9.3,9.836,1.003,0.649
202695,2024,Kawhi Leonard,68,2330,SF,LAC,0,0.628,34.422,23.721,4.766,47.375,32.647,5.41,4.06,5.207,3.588,1.35,11.864,19.2,5.314,1.278,6.044
202710,2024,Jimmy Butler,60,2042,PF,MIA,0,0.621,30.629,20.767,4.071,49.508,33.567,3.51,2.29,7.325,4.967,1.21,6.889,26.3,4.695,0.313,4.384
203076,2024,Anthony Davis,76,2700,C,LAL,0,0.62,33.104,24.684,4.027,44.133,32.908,3.97,1.61,4.694,3.5,2.36,5.774,15.4,8.136,-2.335,1.691
203081,2024,Damian Lillard,73,2579,PG,MIL,0,0.586,32.731,24.315,0.649,55.283,41.068,2.69,3.78,9.368,6.959,-1.08,12.637,41.8,6.502,2.706,3.355
203110,2024,Draymond Green,55,1490,PF,GSW,0,0.586,15.166,8.636,0.642,40.358,22.982,2.06,-1.12,10.6,6.036,3.19,5.091,14.4,10.52,-2.408,-1.766
203507,2024,Giannis Antetokounmpo,73,2567,PF,MIL,0,0.651,41.509,30.438,7.085,64.711,47.452,6.23,4.08,8.892,6.521,2.15,10.234,26.7,9.111,-1.405,5.68
203954,2024,Joel Embiid,39,1309,C,PHI,0,0.639,49.779,34.692,5.873,69.978,48.769,6.18,4.03,8.057,5.615,2.15,10.363,20.3,7.923,0.032,5.905
203999,2024,Nikola Jokic,79,2737,C,DEN,0,0.652,37.738,26.392,7.153,67.819,47.43,7.42,4.92,12.814,8.962,2.5,20.289,26.8,6.222,-1.122,6.032
1626164,2024,Devin Booker,68,2447,PG,PHX,0,0.607,36.6,27.074,2.745,59.821,44.25,3.4,4.37,9.384,6.941,-0.97,6.586,34.3,10.171,1.728,4.473
1628369,2024,Jayson Tatum,74,2645,PF,BOS,0,0.601,37.106,26.851,2.104,54.323,39.311,5.1,4.66,6.797,4.919,0.44,-1.353,26.7,6.888,1.772,3.876
1628378,2024,Donovan Mitchell,55,1943,SG,CLE,0,0.59,36.602,26.6,1.027,56.818,41.291,4.82,3.88,8.331,6.055,0.94,9.023,35.6,11.0,1.998,3.025
1628983,2024,Shai Gilgeous-Alexander,75,2553,PG,OKC,0,0.633,41.974,30.053,5.29,63.855,45.72,4.64,4.01,8.659,6.2,0.63,11.042,39.8,9.492,1.732,7.022
1629029,2024,Luka Doncic,70,2624,PG,DAL,0,0.617,43.566,33.857,3.741,73.64,57.229,4.87,5.05,12.61,9.8,-0.18,10.141,43.9,7.084,2.662,6.403
1630162,2024,Anthony Edwards,79,2770,SG,MIN,0,0.577,36.688,25.937,-0.342,55.022,38.899,3.65,3.43,7.252,5.127,0.22,3.444,28.4,6.944,1.763,1.421
2544,2025,LeBron James,70,2444,SF,LAL,0,0.603,34.337,24.429,2.769,61.406,43.686,2.64,3.22,11.546,8.214,-0.58,-6.28,30.9,5.412,0.765,3.533
101108,2025,Chris Paul,82,2292,PG,SAS,0,0.572,15.315,8.817,-0.402,46.452,26.744,0.07,-0.23,12.815,7.378,0.3,3.657,31.7,8.633,2.592,2.189
201142,2025,Kevin Durant,62,2265,PF,PHX,0,0.642,35.534,26.565,6.673,49.018,36.645,2.19,2.88,5.674,4.242,-0.69,4.017,19.2,7.161,1.714,8.387
201566,2025,Russell Westbrook,75,2092,SG,DEN,0,0.53,22.653,13.253,-4.515,45.738,26.76,-1.48,-0.38,10.415,6.093,-1.1,-8.353,27.3,13.5,-0.234,-4.749
201935,2025,James Harden,79,2789,PG,LAC,0,0.584,31.776,22.81,0.884,59.46,42.684,4.52,3.91,12.114,8.696,0.61,3.841,42.2,6.77,3.409,4.292
201939,2025,Stephen Curry,70,2252,PG,GSW,0,0.617,36.53,24.543,4.168,57.261,38.471,4.0,4.64,8.952,6.014,-0.64,3.459,29.6,8.346,1.676,5.844
202331,2025,Paul George,41,1334,SF,PHI,0,0.543,24.557,16.22,-3.292,40.62,26.829,1.98,0.78,6.573,4.341,1.2,4.148,24.0,8.624,2.51,-0.782
202681,2025,Kyrie Irving,50,1804,PG,DAL,0,0.592,33.36,24.68,1.647,47.986,35.5,2.57,3.29,6.245,4.62,-0.72,5.739,25.6,8.711,1.755,3.402
202691,2025,Klay Thompson,72,1965,SF,DAL,0,0.552,24.963,13.958,-2.386,33.383,18.667,-0.68,0.36,3.602,2.014,-1.04,0.028,8.9,7.006,0.82,-1.566
202695,2025,Kawhi Leonard,37,1180,SF,LAC,0,0.589,33.829,21.514,1.372,45.729,29.081,5.19,3.29,4.93,3.135,1.9,11.349,22.8,6.15,0.932,2.303
202710,2025,Jimmy Butler III,55,1746,SF,GSW,0,0.624,27.345,17.491,4.796,49.517,31.673,2.51,1.34,8.471,5.418,1.18,5.121,24.7,4.849,-0.206,4.591
203076,2025,Anthony Davis,51,1706,C,DAL,0,0.587,36.551,24.725,1.147,49.101,33.216,3.55,1.55,5.246,3.549,2.0,-0.167,18.9,7.084,-0.764,0.383
203081,2025,Damian Lillard,58,2093,PG,MIL,0,0.622,33.372,24.948,4.637,56.019,41.879,1.65,3.17,9.456,7.069,-1.52,-3.548,41.3,7.638,2.817,7.454
203110,2025,Draymond Green,68,1983,C,GSW,0,0.533,15.036,9.015,-4.252,37.675,22.588,2.27,-1.16,9.394,5.632,3.43,6.654,15.3,11.801,-1.195,-5.448
203507,2025,Giannis Antetokounmpo,67,2289,PF,MIL,0,0.628,43.273,30.388,5.244,67.163,47.164,6.66,4.38,9.203,6.463,2.28,10.602,33.4,8.503,-0.835,4.409
203954,2025,Joel Embiid,19,574,C,PHI,0,0.574,38.468,23.789,-0.152,56.085,34.684,3.42,1.32,7.234,4.474,2.1,6.135,17.7,6.977,0.058,-0.094
203999,2025,Nikola Jokić,70,2571,C,DEN,0,0.664,38.423,29.586,8.863,69.369,53.414,6.61,5.0,13.284,10.229,1.61,18.854,24.8,5.304,-0.855,8.008
1626164,2025,Devin Booker,75,2795,SG,PHX,0,0.588,33.969,25.64,1.216,57.852,43.667,1.61,3.18,9.345,7.053,-1.57,-2.268,26.4,8.814,1.445,2.66
1628369,2025,Jayson Tatum,72,2624,PF,BOS,0,0.581,36.453,26.833,0.581,57.547,42.361,5.79,5.58,8.132,5.986,0.22,0.83,28.8,7.606,2.44,3.021
1628378,2025,Donovan Mitchell,71,2232,SG,CLE,0,0.575,36.691,23.958,-0.092,55.824,36.451,4.87,4.92,7.636,4.986,-0.05,3.884,31.0,10.334,1.775,1.683
1628983,2025,Shai Gilgeous-Alexander,76,2598,PG,OKC,0,0.633,45.653,32.684,5.742,68.26,48.868,6.19,5.48,8.914,6.382,0.71,10.042,38.8,10.549,2.149,7.892
1629029,2025,Luka Dončić,50,1769,PG,LAL,0,0.589,38.639,28.16,1.387,64.078,46.7,5.74,5.16,10.51,7.66,0.58,10.948,37.2,7.314,2.416,3.803
1629630,2025,Ja Morant,50,1519,PG,MEM,0,0.564,35.314,23.18,-1.176,61.578,40.42,2.33,2.82,11.091,7.28,-0.5,0.683,36.3,9.881,0.843,-0.334
1630162,2025,Anthony Edwards,79,2871,SG,MIN,0,0.595,37.515,27.557,1.932,52.818,38.797,4.28,4.3,6.186,4.544,-0.02,-1.384,32.4,6.733,2.451,4.383
2544,2026,LeBron James,53,1780,SF,LAL,0,0.592,30.544,20.868,1.479,54.432,37.189,1.32,1.75,10.163,6.943,-0.43,-0.695,21.7,4.941,-0.848,0.632
201142,2026,Kevin Durant,70,2557,SF,HOU,0,0.637,35.274,25.971,5.923,49.302,36.3,3.08,2.87,6.209,4.571,0.21,1.227,22.0,8.575,1.882,7.804
201566,2026,Russell Westbrook,64,1853,SG,SAC,0,0.527,25.013,15.172,-5.089,49.511,30.031,-2.96,-0.88,10.974,6.656,-2.09,-4.522,37.0,9.418,1.45,-3.638
201935,2026,James Harden,64,2242,SG,CLE,0,0.617,33.961,23.969,3.991,61.125,43.141,2.55,3.59,11.49,8.109,-1.05,-0.882,40.5,7.116,3.448,7.439
201939,2026,Stephen Curry,39,1222,PG,GSW,0,0.64,40.871,27.205,6.227,58.128,38.692,2.53,4.05,7.28,4.846,-1.52,2.576,28.4,10.54,1.489,7.717
202331,2026,Paul George,28,850,SF,PHI,0,0.561,26.471,16.393,-1.652,40.715,25.214,1.67,0.25,5.998,3.714,1.42,7.881,19.8,10.526,2.649,0.997
202691,2026,Klay Thompson,62,1343,SG,DAL,0,0.536,25.06,11.71,-4.143,31.653,14.79,-1.52,-0.9,2.9,1.355,-0.62,-0.198,8.0,9.832,1.331,-2.812
202695,2026,Kawhi Leonard,57,1831,SF,LAC,0,0.63,43.995,28.211,5.264,57.948,37.158,6.5,5.47,5.609,3.596,1.04,13.031,27.2,5.099,1.391,6.655
202710,2026,Jimmy Butler III,38,1182,SF,GSW,0,0.645,31.16,20.0,6.759,50.595,32.474,2.48,1.87,7.585,4.868,0.61,10.984,25.6,5.6,-0.813,5.947
203076,2026,Anthony Davis,20,626,C,WAS,0,0.55,31.404,20.35,-2.732,41.435,26.85,1.77,0.26,4.321,2.8,1.51,0.602,15.8,8.946,-1.426,-4.158
203110,2026,Draymond Green,60,1638,PF,GSW,0,0.536,15.027,8.45,-4.152,38.026,21.383,0.25,-2.1,9.514,5.35,2.36,-5.359,16.9,11.271,-0.93,-5.082
203507,2026,Giannis Antetokounmpo,36,1039,PF,MIL,0,0.657,46.773,27.583,7.929,71.597,42.222,5.16,3.75,9.232,5.444,1.41,14.157,32.8,8.211,-1.73,6.199
203954,2026,Joel Embiid,34,1057,C,PHI,0,0.61,41.747,26.853,3.205,57.202,36.794,3.27,2.58,6.264,4.029,0.69,9.253,17.9,7.621,-0.446,2.759
203999,2026,Nikola Jokić,59,2059,C,DEN,0,0.674,37.784,27.915,9.656,72.563,53.61,7.29,5.34,14.682,10.847,1.96,13.308,26.0,6.158,-0.595,9.061
1626164,2026,Devin Booker,57,1911,SG,PHX,0,0.577,36.667,25.474,-0.057,58.586,40.702,2.3,3.27,8.561,5.947,-0.97,5.81,30.1,10.748,2.208,2.151
1628378,2026,Donovan Mitchell,65,2180,PG,CLE,0,0.609,39.789,27.908,3.134,59.618,41.815,5.38,5.42,8.204,5.754,-0.04,6.528,31.5,10.669,1.586,4.72
1628983,2026,Shai Gilgeous-Alexander,62,2070,PG,OKC,0,0.664,44.697,31.403,8.694,68.388,48.048,6.11,5.33,9.366,6.581,0.78,7.675,37.4,8.587,2.567,11.26
1629029,2026,Luka Dončić,62,2229,SF,LAL,0,0.616,45.197,33.694,3.871,70.814,52.79,4.66,4.86,11.056,8.242,-0.21,5.456,41.6,6.256,2.52,6.391
1629630,2026,Ja Morant,20,568,PG,MEM,0,0.518,31.678,19.45,-5.954,62.948,38.65,1.02,1.56,13.111,8.05,-0.54,-0.509,43.6,8.756,2.119,-3.836
1630162,2026,Anthony Edwards,58,2061,SG,MIN,0,0.619,39.721,29.483,4.151,51.916,38.534,4.88,5.23,5.017,3.724,-0.35,-1.386,34.4,5.908,2.511,6.662
