player,scoring_rank,scoring_tied,impact_rank,play_rank,def_rank,reb_rank,era_group,has_advanced_data
Michael Jordan,1,False,8,30,7,56,Historical (pre-2000),True
Kevin Durant,2,False,11,40,32,45,Modern (2000+),True
Luka Doncic,3,False,5,10,61,38,Modern (2000+),True
LeBron James,4,False,3,10,22,39,Modern (2000+),True
Stephen Curry,5,False,10,17,52,70,Modern (2000+),True
Giannis Antetokounmpo,6,False,24,29,23,11,Modern (2000+),True
George Gervin,7,False,21,77,50,84,Historical (pre-2000),False
Joel Embiid,8,False,38,52,20,16,Modern (2000+),True
Shaquille O'Neal,9,True,40,76,9,9,Modern (2000+),True
Kobe Bryant,9,True,22,36,43,61,Modern (2000+),True
James Harden,11,False,6,8,33,53,Modern (2000+),True
Kareem Abdul-Jabbar,12,False,14,60,3,19,Historical (pre-2000),False
Karl Malone,13,False,25,52,40,26,Historical (pre-2000),True
Nikola Jokic,14,False,7,8,44,7,Modern (2000+),True
Adrian Dantley,15,False,28,74,79,66,Historical (pre-2000),False
Shai Gilgeous-Alexander,16,False,32,33,29,74,Modern (2000+),True
Damian Lillard,17,False,13,19,72,84,Modern (2000+),True
Donovan Mitchell,18,False,46,40,62,83,Modern (2000+),True
Allen Iverson,19,False,15,21,36,89,Modern (2000+),True
Dominique Wilkins,20,False,56,81,56,52,Historical (pre-2000),False
Dwyane Wade,21,False,30,25,14,68,Modern (2000+),True
Anthony Davis,22,True,59,78,4,16,Modern (2000+),True
Charles Barkley,22,True,26,48,27,7,Historical (pre-2000),False
Kawhi Leonard,22,True,63,61,16,51,Modern (2000+),True
Alex English,25,False,53,46,59,60,Historical (pre-2000),False
Carmelo Anthony,26,False,70,72,65,47,Modern (2000+),True
Devin Booker,27,False,35,26,81,88,Modern (2000+),True
Hakeem Olajuwon,28,False,65,75,1,15,Historical (pre-2000),True
Dirk Nowitzki,29,False,58,83,50,37,Modern (2000+),True
Kyrie Irving,30,False,23,26,56,78,Modern (2000+),True
Wilt Chamberlain,31,False,9,55,,2,Historical (pre-2000),False
Larry Bird,32,False,17,20,37,32,Historical (pre-2000),False
Jerry West,33,False,4,26,,81,Historical (pre-2000),False
Jayson Tatum,34,False,61,43,60,42,Modern (2000+),True
Bernard King,35,True,49,68,75,63,Historical (pre-2000),False
Anthony Edwards,35,True,84,52,55,72,Modern (2000+),True
Tracy McGrady,37,True,80,34,26,57,Modern (2000+),True
Bob McAdoo,37,True,69,87,29,35,Historical (pre-2000),False
David Robinson,39,False,55,79,2,21,Historical (pre-2000),True
Reggie Miller,40,False,47,70,68,97,Historical (pre-2000),True
Russell Westbrook,41,False,37,5,47,36,Modern (2000+),True
Patrick Ewing,42,False,79,88,5,29,Historical (pre-2000),True
Ray Allen,43,True,48,57,69,78,Modern (2000+),True
Oscar Robertson,43,True,1,14,,65,Historical (pre-2000),False
Moses Malone,45,False,87,101,45,5,Historical (pre-2000),False
Paul Pierce,46,True,57,49,37,59,Modern (2000+),True
Ja Morant,46,True,42,13,73,78,Modern (2000+),True
Kevin McHale,48,False,72,93,34,43,Historical (pre-2000),False
Paul George,49,False,83,46,34,49,Modern (2000+),True
Julius Erving,50,True,34,51,10,54,Historical (pre-2000),False
Tim Duncan,50,True,67,66,6,6,Modern (2000+),True
Clyde Drexler,52,False,39,23,18,57,Historical (pre-2000),False
Pete Maravich,53,False,18,40,71,95,Historical (pre-2000),False
Vince Carter,54,True,91,50,52,71,Modern (2000+),True
Yao Ming,54,True,82,98,41,30,Modern (2000+),True
Elgin Baylor,56,False,44,70,,32,Historical (pre-2000),False
Rick Barry,57,False,20,39,46,64,Historical (pre-2000),False
Klay Thompson,58,False,94,85,67,89,Modern (2000+),True
Magic Johnson,59,False,2,2,24,46,Historical (pre-2000),False
Jimmy Butler,60,True,62,37,42,62,Modern (2000+),True
Kevin Garnett,60,True,77,43,12,9,Modern (2000+),True
James Worthy,60,True,75,69,56,67,Historical (pre-2000),False
Chris Bosh,63,True,74,92,54,32,Modern (2000+),True
Chris Paul,63,True,27,4,25,73,Modern (2000+),True
Elvin Hayes,65,False,90,97,19,22,Historical (pre-2000),False
Bob Pettit,66,False,29,88,,24,Historical (pre-2000),False
Dwight Howard,67,False,92,100,8,3,Modern (2000+),True
Nate Archibald,68,True,16,15,77,101,Historical (pre-2000),False
Gary Payton,68,True,51,12,39,82,Historical (pre-2000),True
Tony Parker,70,True,60,21,78,96,Modern (2000+),True
John Havlicek,70,True,52,45,73,69,Historical (pre-2000),False
Isiah Thomas,72,False,31,5,48,93,Historical (pre-2000),False
Pau Gasol,73,False,81,56,29,22,Modern (2000+),True
George Mikan,74,True,50,85,,18,Historical (pre-2000),False
Paul Arizin,74,True,41,95,,54,Historical (pre-2000),False
Scottie Pippen,76,False,71,32,13,49,Historical (pre-2000),True
Dave Bing,77,False,36,34,79,98,Historical (pre-2000),False
Steve Nash,78,False,19,3,82,94,Modern (2000+),True
Billy Cunningham,79,False,64,57,,44,Historical (pre-2000),False
Earl Monroe,80,False,66,62,75,100,Historical (pre-2000),False
Robert Parish,81,False,97,96,14,25,Historical (pre-2000),False
Manu Ginobili,82,False,86,38,49,76,Modern (2000+),True
Walt Frazier,83,False,45,30,64,74,Historical (pre-2000),False
Sam Jones,84,False,89,88,,84,Historical (pre-2000),False
Willis Reed,85,False,96,99,,31,Historical (pre-2000),False
Hal Greer,86,False,68,66,,87,Historical (pre-2000),False
John Stockton,87,False,12,1,20,99,Historical (pre-2000),True
Dolph Schayes,88,False,73,81,,28,Historical (pre-2000),False
Bob Cousy,89,False,33,16,,77,Historical (pre-2000),False
Bill Sharman,90,False,76,72,,92,Historical (pre-2000),False
Dave Cowens,91,False,85,64,63,20,Historical (pre-2000),False
Jerry Lucas,92,False,78,80,,14,Historical (pre-2000),False
Bill Walton,93,False,88,63,11,27,Historical (pre-2000),False
Lenny Wilkens,94,False,43,24,,91,Historical (pre-2000),False
Jason Kidd,95,False,54,5,28,47,Modern (2000+),True
Nate Thurmond,96,False,99,84,,11,Historical (pre-2000),False
Dave DeBusschere,97,False,98,88,,39,Historical (pre-2000),False
Draymond Green,98,False,100,18,16,39,Modern (2000+),True
Bill Russell,99,True,93,65,,4,Historical (pre-2000),False
Wes Unseld,99,True,95,57,66,11,Historical (pre-2000),False
Dennis Rodman,101,False,101,94,69,1,Historical (pre-2000),False
