player,def_rank,def_tied,reg_SPG,reg_BPG,reg_def,po_GP,defense_stats_missing,imputed_season_share,total_A_rank,total_C_rank,def_impact_rank,def_impact_score,d_dpm
Hakeem Olajuwon,1,False,1.717,2.994,4.711,145,False,0.0,1,1,4,3.0040424786621953,2.735
David Robinson,2,False,1.371,2.829,4.2,123,False,0.0,2,2,5,2.5196536898846174,4.047
Patrick Ewing,3,True,0.947,2.394,3.341,139,False,0.0,4,4,13,1.885955521522244,0.455
Anthony Davis,3,True,1.307,2.221,3.529,60,False,0.0,5,3,3,3.4452704538896293,1.608
Kareem Abdul-Jabbar,3,True,0.995,2.185,3.18,237,False,0.2,3,5,6,2.4887356349335397,
Tim Duncan,6,False,0.747,2.158,2.905,251,False,0.0,7,6,9,2.2695875263673417,4.909
Michael Jordan,7,False,2.293,0.833,3.127,179,False,0.0,6,9,39,0.8947971829694472,-0.705
Dwight Howard,8,False,0.867,1.678,2.544,125,False,0.0,9,7,7,2.4257902604722714,1.699
Shaquille O'Neal,9,False,0.589,2.168,2.758,216,False,0.0,8,11,14,1.8777117960813279,2.82
Julius Erving,10,False,1.782,1.545,3.327,141,False,0.0,10,10,26,1.3502579357595903,
Bill Walton,11,False,0.75,2.23,2.98,49,False,0.0,13,8,16,1.7452123578822296,
Kevin Garnett,12,False,1.252,1.333,2.586,143,False,0.0,11,16,19,1.6495930891182566,3.594
Scottie Pippen,13,False,1.9,0.765,2.665,208,False,0.0,12,18,47,0.6683438145545038,0.78
Dwyane Wade,14,True,1.544,0.831,2.375,177,False,0.0,15,17,50,0.6002434200611618,0.039
Robert Parish,14,True,0.743,1.443,2.186,184,False,0.0,18,14,36,1.0410311843131037,
Draymond Green,16,True,1.314,0.979,2.293,169,False,0.0,21,13,31,1.149712820181004,2.874
Kawhi Leonard,16,True,1.736,0.643,2.379,146,False,0.0,22,12,41,0.8509408512050762,1.558
Clyde Drexler,18,False,2.013,0.667,2.68,145,False,0.0,16,19,51,0.5923887221487298,
John Stockton,19,True,2.158,0.226,2.384,182,False,0.0,17,21,83,-0.2908042567257807,1.887
Joel Embiid,19,True,0.87,1.59,2.46,66,False,0.0,23,15,10,2.2324912559364756,2.191
Elvin Hayes,21,False,1.044,1.55,2.594,96,False,0.312,14,27,11,2.1326991286345143,
LeBron James,22,False,1.47,0.722,2.191,302,False,0.0,19,24,37,1.0016867835625585,0.906
Giannis Antetokounmpo,23,True,1.108,1.185,2.292,84,False,0.0,26,20,15,1.876112297472192,1.87
Magic Johnson,23,True,1.915,0.415,2.331,190,False,0.0,20,26,44,0.7901495157530345,
Chris Paul,25,False,1.938,0.167,2.105,149,False,0.0,28,22,63,0.1885255428709332,1.287
Tracy McGrady,26,False,1.16,0.827,1.987,50,False,0.0,35,23,61,0.23403158681584618,-0.232
Charles Barkley,27,False,1.488,0.775,2.262,123,False,0.0,24,37,22,1.5059376045839312,
Shai Gilgeous-Alexander,28,False,1.388,0.8,2.188,61,False,0.0,39,25,49,0.6183025683355831,-0.056
Jason Kidd,29,False,1.942,0.316,2.258,158,False,0.0,30,36,59,0.39216219890864357,2.038
Pau Gasol,30,False,0.5,1.539,2.039,136,False,0.0,36,31,28,1.2686519363347752,0.231
Kevin Durant,31,True,1.0,1.128,2.128,171,False,0.0,34,34,33,1.081165156233475,-0.212
Bob McAdoo,31,True,0.95,1.286,2.236,94,False,0.071,27,41,40,0.8812638001830448,
Paul George,33,True,1.625,0.425,2.05,125,False,0.0,40,29,52,0.5612899670666504,1.663
Kevin McHale,33,True,0.354,1.7,2.054,169,False,0.0,41,28,54,0.5226012240071326,
James Harden,35,False,1.453,0.565,2.018,191,False,0.0,37,33,56,0.5018869372568455,-0.308
Paul Pierce,36,True,1.258,0.532,1.789,170,False,0.0,32,40,65,0.16615181122400735,0.618
Allen Iverson,36,True,2.107,0.164,2.271,71,False,0.0,25,47,71,-0.014175550716623686,-0.91
Larry Bird,38,False,1.646,0.838,2.485,164,False,0.0,29,44,29,1.2478633063597133,
Gary Payton,39,False,1.835,0.212,2.047,154,False,0.0,33,42,76,-0.16556131244320638,-0.726
Karl Malone,40,False,1.411,0.763,2.174,193,False,0.0,31,46,34,1.0794867527693315,0.278
Yao Ming,41,False,0.362,1.85,2.212,28,False,0.0,46,32,27,1.278325099837244,2.801
Jimmy Butler,42,False,1.587,0.407,1.993,130,False,0.0,44,35,60,0.38635280161648977,1.097
Kobe Bryant,43,False,1.41,0.46,1.87,220,False,0.0,38,48,66,0.09251149891420507,-1.618
Nikola Jokic,44,False,1.3,0.736,2.036,100,False,0.0,49,38,18,1.6740132946858342,1.753
Moses Malone,45,False,0.742,1.216,1.958,94,False,0.0,43,45,25,1.3705325954093177,
Russell Westbrook,46,True,1.561,0.339,1.9,135,False,0.0,48,43,53,0.5428512934246827,-0.218
Isiah Thomas,46,True,1.885,0.246,2.131,111,False,0.0,42,49,80,-0.23461141765441929,
Manu Ginobili,48,False,1.3,0.306,1.606,218,False,0.0,58,39,87,-0.47530429106867533,1.322
Bob Cousy,49,False,1.2,0.6,1.8,109,True,1.0,68,30,69,0.029605407656540628,
Rick Barry,50,True,1.75,0.51,2.26,74,False,0.3,45,56,46,0.6935214945500361,
George Gervin,50,True,1.18,0.85,2.03,59,False,0.0,50,51,72,-0.01966134824374277,
Dirk Nowitzki,50,True,0.786,0.819,1.605,145,False,0.0,47,54,58,0.43266881178561317,0.771
Vince Carter,53,False,0.982,0.586,1.568,88,False,0.0,51,52,85,-0.3181015220543889,0.206
Stephen Curry,54,True,1.424,0.288,1.712,155,False,0.0,55,50,73,-0.050668040395394076,0.111
Chris Bosh,54,True,0.815,1.015,1.831,89,False,0.0,52,53,43,0.8018543750527629,0.945
Anthony Edwards,56,True,1.35,0.617,1.967,52,False,0.0,56,55,62,0.2299937896431966,-0.207
Nate Thurmond,56,True,0.993,1.021,2.014,81,False,0.714,54,57,12,2.121392847932176,
Dominique Wilkins,58,True,1.213,0.573,1.787,56,False,0.0,53,65,64,0.17061912797745793,
James Worthy,58,True,1.125,0.65,1.775,143,False,0.0,59,59,81,-0.26639836604382505,
Kyrie Irving,60,False,1.314,0.457,1.771,96,False,0.0,61,58,79,-0.20673538578854156,-0.943
Alex English,61,False,0.88,0.7,1.58,68,False,0.0,57,63,77,-0.17607306853134141,
Jayson Tatum,62,False,1.144,0.6,1.744,127,False,0.0,64,60,55,0.5138477202037723,0.568
Luka Doncic,63,False,1.312,0.438,1.75,55,False,0.0,63,62,45,0.7151626663322731,-0.674
Donovan Mitchell,64,False,1.389,0.311,1.7,81,False,0.0,65,61,82,-0.2755584518924181,-0.251
Dave Cowens,65,False,1.127,0.827,1.955,89,False,0.273,60,71,21,1.5547503375441922,
Walt Frazier,66,False,1.415,0.392,1.808,93,False,0.462,67,66,74,-0.10070927340167679,
George Mikan,67,False,1.2,0.6,1.8,70,True,1.0,66,69,17,1.7092633115078764,
Jerry West,68,False,1.3,0.607,1.907,153,False,0.929,62,74,38,0.9096616195077198,
Bill Sharman,69,True,1.2,0.6,1.8,78,True,1.0,70,67,78,-0.19041435030221232,
Dolph Schayes,69,True,1.2,0.6,1.8,97,True,1.0,69,68,24,1.4438229672911116,
Carmelo Anthony,71,True,0.947,0.521,1.468,83,False,0.0,73,70,67,0.0674810098745614,-1.133
Sam Jones,71,True,1.2,0.6,1.8,154,True,1.0,79,64,70,0.02359416856825225,
Wes Unseld,73,False,1.115,0.608,1.723,119,False,0.385,71,76,23,1.4512677074182188,
Willis Reed,74,False,1.14,0.65,1.79,78,False,0.9,76,80,35,1.0616752874168565,
John Havlicek,75,False,1.206,0.506,1.712,172,False,0.688,74,83,84,-0.29827083740355886,
Hal Greer,76,False,1.2,0.6,1.8,92,True,1.0,80,79,68,0.037613387001428356,
Elgin Baylor,77,True,1.2,0.6,1.8,134,True,1.0,75,85,20,1.6405123917253885,
Billy Cunningham,77,True,1.189,0.567,1.756,39,False,0.778,85,75,57,0.476759161235936,
Dave DeBusschere,79,False,1.175,0.592,1.767,96,False,0.917,78,84,48,0.6441425666637008,
Klay Thompson,80,False,0.785,0.492,1.277,158,False,0.0,93,72,94,-0.7655736079146467,-0.558
Earl Monroe,81,True,1.085,0.431,1.515,82,False,0.462,89,77,99,-1.0993168015751036,
Reggie Miller,81,True,1.067,0.211,1.278,144,False,0.0,88,78,97,-1.0013473903145684,-1.804
Dennis Rodman,83,False,0.629,0.529,1.157,169,False,0.0,94,73,32,1.0980142010074403,
Pete Maravich,84,True,1.3,0.36,1.66,26,False,0.3,83,86,89,-0.5549899663536704,
Ray Allen,84,True,1.128,0.183,1.311,171,False,0.0,87,82,91,-0.677865153918555,-1.538
Wilt Chamberlain,86,False,1.2,0.6,1.8,160,True,1.0,72,100,1,3.7603569397236627,
Lenny Wilkens,87,False,1.207,0.54,1.747,64,False,0.867,86,88,90,-0.6628389632265985,
Jerry Lucas,88,False,1.127,0.573,1.7,72,False,0.909,84,91,30,1.1733009577619051,
Bill Russell,89,True,1.2,0.6,1.8,165,True,1.0,77,99,2,3.6969446728377675,
Paul Arizin,89,True,1.2,0.6,1.8,49,True,1.0,81,95,42,0.8096792801136631,
Oscar Robertson,91,True,1.193,0.564,1.757,86,False,0.929,82,97,75,-0.1372714478564354,
Dave Bing,91,True,1.217,0.442,1.658,31,False,0.583,90,89,95,-0.8674737317867669,
Ja Morant,91,True,1.014,0.329,1.343,22,False,0.0,98,81,92,-0.7101535588062775,-1.018
Nate Archibald,94,True,1.162,0.238,1.4,47,False,0.231,92,90,98,-1.0767031793955342,
Damian Lillard,94,True,0.969,0.308,1.277,68,False,0.0,95,87,93,-0.7106007189585462,-1.458
Bernard King,96,False,0.886,0.243,1.129,28,False,0.0,96,92,86,-0.4184319617940586,
Bob Pettit,97,False,1.2,0.6,1.8,88,True,1.0,91,98,8,2.379558506489018,
Tony Parker,98,True,0.817,0.078,0.894,226,False,0.0,100,93,100,-1.2502747891555037,-0.733
Devin Booker,98,True,0.864,0.291,1.155,51,False,0.0,99,94,96,-0.9336910626109072,-1.501
Adrian Dantley,98,True,0.947,0.147,1.093,73,False,0.0,97,96,88,-0.5347852457690918,
Steve Nash,101,False,0.722,0.094,0.817,120,False,0.0,101,101,101,-1.3452349683629972,-0.871
