player,impact_rank,impact_score,o_dpm,reg_PPG,reg_APG,reg_TS
Oscar Robertson,1,5.755204077496922,,25.529,9.45,0.56
Magic Johnson,2,5.016134950395802,,19.385,10.923,0.609
LeBron James,3,4.739812635286492,5.286,26.739,7.413,0.592
Jerry West,4,4.663754955602265,,26.743,6.693,0.548
Luka Doncic,5,4.518158385438476,4.451,29.262,8.238,0.589
James Harden,6,4.2749458095482975,4.636,23.947,7.412,0.607
Nikola Jokic,7,4.2120062207166065,3.889,22.445,7.6,0.638
Michael Jordan,8,4.096588960733586,3.09,29.453,5.14,0.559
Wilt Chamberlain,9,4.091966475261297,,30.086,4.386,0.562
Stephen Curry,10,4.075733788296905,4.518,24.459,6.206,0.621
Kevin Durant,11,3.9874800642904438,4.415,27.122,4.472,0.626
John Stockton,12,3.941148789995742,3.2,13.058,10.437,0.604
Damian Lillard,13,3.934978019186077,4.508,25.362,6.823,0.589
Kareem Abdul-Jabbar,14,3.6345190928259514,,24.59,3.625,0.592
Allen Iverson,15,3.548592692583327,2.876,26.064,6.0,0.517
Nate Archibald,16,3.5353705261216684,,18.231,7.262,0.539
Larry Bird,17,3.5230908006347255,,23.762,6.277,0.559
Pete Maravich,18,3.3405558515315588,,23.81,5.31,0.5
Steve Nash,19,3.3329776072588153,4.588,13.517,8.161,0.589
Rick Barry,20,3.320566002896696,,23.07,5.05,0.509
George Gervin,21,3.3009510994452027,,26.19,2.81,0.571
Kobe Bryant,22,3.294914035248204,4.56,24.2,4.76,0.543
Kyrie Irving,23,3.2123408157609825,3.726,23.971,5.614,0.584
Giannis Antetokounmpo,24,3.211855970431658,2.806,24.685,5.1,0.607
Karl Malone,25,3.1879239241144552,1.912,24.689,3.584,0.574
Charles Barkley,26,3.146103633235371,,21.588,3.962,0.603
Chris Paul,27,3.1064259390617326,3.818,16.29,8.933,0.571
Adrian Dantley,28,3.02620969351075,,23.127,2.887,0.603
Bob Pettit,29,3.0211435682267553,,26.182,2.964,0.509
Dwyane Wade,30,3.0091129940829395,3.249,21.831,5.388,0.55
Isiah Thomas,31,2.9925747205636126,,19.008,9.185,0.514
Shai Gilgeous-Alexander,32,2.932782775332303,2.786,25.412,5.388,0.609
Bob Cousy,33,2.8285759093349467,,17.286,7.114,0.458
Julius Erving,34,2.775785934442588,,21.809,3.845,0.556
Devin Booker,35,2.760755425837085,2.784,24.818,5.327,0.58
Dave Bing,36,2.758870975717555,,20.3,6.008,0.501
Russell Westbrook,37,2.7303078534490663,2.782,20.933,7.906,0.524
Joel Embiid,38,2.718721160291742,2.389,27.12,3.72,0.608
Clyde Drexler,39,2.6255161466582355,,20.38,5.66,0.543
Shaquille O'Neal,40,2.5596596722174882,1.676,22.989,2.432,0.588
Paul Arizin,41,2.5530553185829774,,22.79,2.33,0.506
Ja Morant,42,2.499117493462184,2.127,22.614,7.571,0.554
Lenny Wilkens,43,2.3930130943068866,,16.467,6.613,0.507
Elgin Baylor,44,2.3578621024359614,,25.279,3.943,0.491
Walt Frazier,45,2.34708037222952,,17.092,5.562,0.525
Donovan Mitchell,46,2.302368303059535,3.786,25.267,4.878,0.576
Reggie Miller,47,2.30106202908658,2.356,18.117,2.944,0.611
Ray Allen,48,2.2537120342722265,3.494,18.883,3.378,0.582
Bernard King,49,2.2452427312484664,,21.407,3.136,0.56
George Mikan,50,2.2081934102380827,,22.443,2.757,0.479
Gary Payton,51,2.18106150144426,1.194,16.347,6.724,0.521
John Havlicek,52,2.1810070333276923,,20.75,4.8,0.491
Alex English,53,2.082622832105642,,21.14,3.58,0.545
Jason Kidd,54,2.049558853723142,1.208,12.563,8.684,0.51
David Robinson,55,2.0451333915394287,0.213,20.493,2.371,0.576
Dominique Wilkins,56,2.039845388460352,,24.02,2.46,0.53
Paul Pierce,57,2.001649751088462,2.714,18.932,3.358,0.565
Dirk Nowitzki,58,1.8610967120990825,3.575,20.11,2.338,0.568
Anthony Davis,59,1.7965935026731552,1.521,23.7,2.629,0.586
Tony Parker,60,1.7900080596330952,1.176,15.372,5.589,0.542
Jayson Tatum,61,1.7664490718855483,3.28,23.544,4.022,0.577
Jimmy Butler,62,1.7555277507058733,2.062,18.267,4.4,0.59
Kawhi Leonard,63,1.7488088480679824,3.632,20.529,3.086,0.601
Billy Cunningham,64,1.704245614940448,,20.233,4.122,0.499
Hakeem Olajuwon,65,1.6833219281252592,-2.03,21.006,2.406,0.545
Earl Monroe,66,1.6069921514354162,,18.1,3.746,0.516
Tim Duncan,67,1.582187318095135,2.308,18.889,3.011,0.549
Hal Greer,68,1.5820382552517527,,18.647,3.973,0.501
Bob McAdoo,69,1.5603948745711869,,20.071,2.129,0.538
Carmelo Anthony,70,1.541063654939883,2.275,22.016,2.637,0.54
Scottie Pippen,71,1.5136140451221187,-0.195,15.524,5.106,0.528
Kevin McHale,72,1.509355631744045,,17.869,1.762,0.597
Dolph Schayes,73,1.5009634798843796,,17.733,3.027,0.48
Chris Bosh,74,1.4800187142799288,1.328,19.392,2.046,0.569
James Worthy,75,1.4703257856127268,,17.717,3.067,0.557
Bill Sharman,76,1.4669606407847566,,17.5,2.864,0.495
Kevin Garnett,77,1.4115151314681653,1.856,17.019,3.543,0.539
Jerry Lucas,78,1.4109642879945463,,16.845,3.3,0.543
Patrick Ewing,79,1.408845154742362,-3.19,20.576,1.794,0.544
Tracy McGrady,80,1.375364541969812,3.008,18.507,4.32,0.511
Pau Gasol,81,1.3551826276981578,0.871,16.561,3.156,0.562
Yao Ming,82,1.3101129016091544,-0.076,18.562,1.55,0.594
Paul George,83,1.3095171956640053,1.952,19.594,3.637,0.562
Anthony Edwards,84,1.307786112965411,3.332,24.583,4.067,0.572
Dave Cowens,85,1.2888400049601603,,17.145,3.782,0.495
Manu Ginobili,86,1.2124298346331583,2.399,13.15,3.781,0.581
Moses Malone,87,1.1269218668858996,,18.953,1.253,0.555
Bill Walton,88,0.9207090554536472,,12.7,3.25,0.54
Sam Jones,89,0.9195648772797014,,17.4,2.508,0.499
Elvin Hayes,90,0.8185615404619049,,20.95,1.844,0.492
Vince Carter,91,0.7954072658323226,1.223,16.345,2.973,0.529
Dwight Howard,92,0.7658830588921808,0.041,15.389,1.289,0.609
Bill Russell,93,0.7038344522919546,,15.115,4.162,0.471
Klay Thompson,94,0.6692675795921363,1.481,18.538,2.254,0.567
Wes Unseld,95,0.6273100947510244,,10.638,3.854,0.535
Willis Reed,96,0.5210844424002197,,17.59,1.82,0.516
Robert Parish,97,0.46196676958373306,,14.21,1.343,0.564
Dave DeBusschere,98,0.010026301878056643,,15.567,2.775,0.468
Nate Thurmond,99,-0.1276216957144003,,15.121,2.693,0.465
Draymond Green,100,-0.1428879075321614,-0.548,8.6,5.779,0.534
Dennis Rodman,101,-1.0476899494447052,,6.714,1.736,0.525
