player,play_rank,play_tied,reg_APG,reg_TOV,reg_ast_tov,po_APG,po_GP,TOV_imputed_share,total_A_rank,total_C_rank
John Stockton,1,False,10.437,2.8,3.692,10.063,182,0.0,1,1
Magic Johnson,2,False,10.923,3.869,2.816,11.6,190,0.0,2,2
Chris Paul,3,False,8.933,2.214,4.064,8.307,149,0.0,3,3
Steve Nash,4,False,8.161,2.772,2.879,7.567,120,0.0,5,4
Jason Kidd,5,False,8.684,2.853,3.118,8.182,158,0.0,6,5
Isiah Thomas,6,True,9.185,3.762,2.448,9.333,111,0.0,7,6
Oscar Robertson,6,True,9.45,2.5,3.78,9.27,86,1.0,4,9
Russell Westbrook,8,True,7.906,3.878,2.035,7.243,135,0.0,9,8
Nikola Jokic,8,True,7.6,3.009,2.475,7.575,100,0.0,10,7
Gary Payton,10,False,6.724,2.265,2.969,5.547,154,0.0,8,11
James Harden,11,False,7.412,3.688,2.005,6.582,191,0.0,13,10
Nate Archibald,12,False,7.262,2.577,2.825,6.46,47,0.538,11,13
LeBron James,13,False,7.413,3.487,2.128,7.216,302,0.0,15,12
Bob Cousy,14,False,7.114,2.5,2.846,8.162,109,1.0,12,16
Luka Doncic,15,True,8.238,3.962,2.079,7.86,55,0.0,17,15
Ja Morant,15,True,7.571,3.371,2.257,7.5,22,0.0,18,14
Lenny Wilkens,17,False,6.613,2.5,2.645,5.843,64,1.0,14,19
Draymond Green,18,False,5.779,2.386,2.32,5.57,169,0.0,19,17
Jerry West,19,False,6.693,2.5,2.677,5.215,153,1.0,16,22
Damian Lillard,20,True,6.823,2.838,2.409,5.63,68,0.0,20,20
Tony Parker,20,True,5.589,2.256,2.529,4.924,226,0.0,22,18
Larry Bird,22,False,6.277,3.015,2.111,6.475,164,0.0,21,24
Stephen Curry,23,False,6.206,3.071,2.018,6.3,155,0.0,25,21
Walt Frazier,24,False,5.562,2.331,2.351,6.425,93,0.769,23,27
Clyde Drexler,25,False,5.66,2.727,2.058,5.767,145,0.0,26,25
Jimmy Butler,26,False,4.4,1.6,2.63,4.192,130,0.0,29,23
Dave Bing,27,False,6.008,2.517,2.394,5.02,31,0.917,24,29
Shai Gilgeous-Alexander,28,True,5.388,2.375,2.275,5.62,61,0.0,31,26
Michael Jordan,28,True,5.14,2.687,1.924,5.877,179,0.0,27,30
Allen Iverson,30,False,6.0,3.536,1.715,5.925,71,0.0,28,31
Kyrie Irving,31,False,5.614,2.486,2.289,4.943,96,0.0,32,28
Dwyane Wade,32,True,5.388,3.162,1.704,5.046,177,0.0,34,34
Tracy McGrady,32,True,4.32,2.1,2.04,4.944,50,0.0,35,33
Devin Booker,34,True,5.327,3.045,1.77,5.38,51,0.0,37,32
Scottie Pippen,34,True,5.106,2.7,1.88,4.769,208,0.0,33,36
John Havlicek,36,False,4.8,2.5,1.92,4.623,172,0.938,30,40
Rick Barry,37,False,5.05,2.48,2.032,4.343,74,0.7,36,38
Giannis Antetokounmpo,38,False,5.1,3.069,1.638,5.267,84,0.0,40,37
Manu Ginobili,39,True,3.781,1.988,1.894,3.787,218,0.0,46,35
Pete Maravich,39,True,5.31,2.85,1.936,4.225,26,0.7,39,42
Donovan Mitchell,41,False,4.878,2.7,1.819,4.711,81,0.0,43,39
Jayson Tatum,42,True,4.022,2.389,1.642,4.911,127,0.0,44,41
Kevin Garnett,42,True,3.543,2.081,1.76,3.9,143,0.0,42,43
Kobe Bryant,44,False,4.76,3.13,1.524,4.453,220,0.0,41,45
Kevin Durant,45,True,4.472,3.161,1.428,4.236,171,0.0,45,44
Wilt Chamberlain,45,True,4.386,2.5,1.754,3.977,160,1.0,38,51
Alex English,47,True,3.58,2.493,1.447,4.28,68,0.067,48,49
Vince Carter,47,True,2.973,1.655,1.817,3.291,88,0.0,49,48
Kawhi Leonard,49,False,3.086,1.707,1.778,3.317,146,0.0,55,47
Charles Barkley,50,True,3.962,3.069,1.337,3.838,123,0.0,51,52
Billy Cunningham,50,True,4.122,2.5,1.649,3.35,39,1.0,50,53
Paul George,50,True,3.637,2.606,1.385,3.933,125,0.0,53,50
Wes Unseld,53,False,3.854,2.315,1.689,3.667,119,0.692,52,54
Pau Gasol,54,False,3.156,2.089,1.639,3.317,136,0.0,64,46
Bill Russell,55,False,4.162,2.5,1.665,4.554,165,1.0,47,64
Paul Pierce,56,False,3.358,2.537,1.298,3.164,170,0.0,57,55
Earl Monroe,57,False,3.746,2.262,1.726,3.138,82,0.769,59,56
Hal Greer,58,False,3.973,2.5,1.589,3.962,92,1.0,54,65
Ray Allen,59,False,3.378,2.094,1.618,2.818,171,0.0,60,61
Anthony Edwards,60,True,4.067,2.883,1.407,4.58,52,0.0,65,57
Julius Erving,60,True,3.845,3.0,1.29,4.236,141,0.091,62,60
Kareem Abdul-Jabbar,62,True,3.625,2.635,1.367,3.422,237,0.4,58,66
Reggie Miller,62,True,2.944,1.717,1.803,2.5,144,0.0,66,58
Karl Malone,64,False,3.584,3.058,1.209,2.947,193,0.0,63,62
Elgin Baylor,65,False,3.943,2.5,1.577,3.783,134,1.0,56,70
Joel Embiid,66,False,3.72,3.37,1.112,3.375,66,0.0,68,59
Dave Cowens,67,False,3.782,2.327,1.65,3.643,89,0.636,61,67
James Worthy,68,False,3.067,2.017,1.554,3.144,143,0.0,67,63
Tim Duncan,69,False,3.011,2.411,1.314,3.028,251,0.0,69,68
Bill Walton,70,False,3.25,2.61,1.222,2.5,49,0.3,70,69
Bill Sharman,71,False,2.864,2.5,1.145,3.15,78,1.0,71,71
Dirk Nowitzki,72,False,2.338,1.605,1.511,2.387,145,0.0,74,73
Jerry Lucas,73,False,3.3,2.5,1.32,2.762,72,1.0,72,76
Carmelo Anthony,74,False,2.637,2.337,1.135,2.354,83,0.0,75,74
Anthony Davis,75,False,2.629,2.021,1.294,2.733,60,0.0,78,72
Bernard King,76,False,3.136,3.029,1.037,2.1,28,0.0,76,75
Adrian Dantley,77,True,2.887,2.693,1.087,2.229,73,0.067,79,78
Nate Thurmond,77,True,2.693,2.5,1.077,2.8,81,1.0,73,84
Hakeem Olajuwon,79,True,2.406,2.894,0.826,2.593,145,0.0,80,80
Shaquille O'Neal,79,True,2.432,2.689,0.898,2.453,216,0.0,81,79
Dolph Schayes,81,False,3.027,2.5,1.211,2.421,97,1.0,77,85
Klay Thompson,82,True,2.254,1.569,1.462,2.311,158,0.0,86,77
David Robinson,82,True,2.371,2.35,0.997,2.4,123,0.0,82,81
George Gervin,84,True,2.81,2.98,0.947,2.878,59,0.1,84,82
Dominique Wilkins,84,True,2.46,2.427,0.999,2.19,56,0.0,83,83
Dave DeBusschere,86,False,2.775,2.5,1.11,2.512,96,1.0,87,86
Bob Pettit,87,False,2.964,2.5,1.185,2.622,88,1.0,85,91
Bob McAdoo,88,False,2.129,2.436,0.849,1.544,94,0.357,90,87
Sam Jones,89,False,2.508,2.5,1.003,2.242,154,1.0,89,89
Chris Bosh,90,False,2.046,2.031,1.008,1.733,89,0.0,91,88
George Mikan,91,False,2.757,2.5,1.103,2.1,70,1.0,88,92
Dennis Rodman,92,False,1.736,1.629,1.035,1.191,169,0.0,92,90
Paul Arizin,93,True,2.33,2.5,0.932,2.438,49,1.0,93,94
Kevin McHale,93,True,1.762,1.946,0.881,1.662,169,0.0,94,93
Patrick Ewing,95,False,1.794,2.953,0.6,1.9,139,0.0,95,95
Elvin Hayes,96,False,1.844,2.45,0.76,1.83,96,0.562,96,96
Robert Parish,97,True,1.343,2.076,0.647,1.238,184,0.048,98,97
Willis Reed,97,True,1.82,2.5,0.728,1.829,78,1.0,97,98
Yao Ming,99,False,1.55,2.612,0.593,1.1,28,0.0,99,99
Moses Malone,100,False,1.253,2.811,0.475,1.483,94,0.053,100,100
Dwight Howard,101,False,1.289,2.578,0.512,1.217,125,0.0,101,101
