player,reb_rank,reb_tied,RPG,OREB,DREB,oreb_rank,dreb_rank,po_GP,rebound_split_missing,total_A_rank,total_C_rank
Dennis Rodman,1,False,13.371,4.679,8.686,2,1,169,False,3,1
Wilt Chamberlain,2,False,22.679,,,,,160,True,1,5
Dwight Howard,3,False,11.528,3.289,8.261,6,5,125,False,6,2
Bill Russell,4,False,22.377,,,,,165,True,2,9
Moses Malone,5,False,11.358,4.732,6.621,1,14,94,False,8,7
Tim Duncan,6,False,10.768,2.753,8.021,12,13,251,False,9,8
Nikola Jokic,7,True,11.127,2.7,8.445,23,9,100,False,18,3
Charles Barkley,7,True,11.7,3.931,7.75,3,19,123,False,10,11
Shaquille O'Neal,9,True,10.511,3.368,7.153,5,17,216,False,11,13
Kevin Garnett,9,True,9.662,2.09,7.586,20,4,143,False,12,12
Giannis Antetokounmpo,11,True,10.1,1.946,8.154,36,7,84,False,21,4
Wes Unseld,11,True,13.846,3.525,8.338,7,16,119,False,7,18
Nate Thurmond,11,True,15.186,2.8,6.8,26,35,81,False,4,21
Jerry Lucas,14,False,15.491,0.8,4.3,82,62,72,False,5,24
Hakeem Olajuwon,15,False,10.839,3.144,7.694,4,11,145,False,17,14
Anthony Davis,16,True,10.607,2.657,7.95,15,14,60,False,22,10
Joel Embiid,16,True,10.34,2.19,8.16,34,12,66,False,26,6
George Mikan,18,False,12.92,,,,,70,True,19,15
Kareem Abdul-Jabbar,19,False,11.17,2.406,7.594,14,3,237,False,13,22
Dave Cowens,20,False,13.209,2.888,9.462,11,2,89,False,15,23
David Robinson,21,False,10.436,3.114,7.314,9,23,123,False,20,20
Pau Gasol,22,True,9.044,2.433,6.611,15,26,136,False,27,16
Elvin Hayes,22,True,12.475,3.109,7.782,8,9,96,False,14,29
Bob Pettit,24,False,16.109,,,,,88,True,16,30
Robert Parish,25,False,8.976,2.8,6.167,10,28,184,False,30,17
Karl Malone,26,False,10.089,2.389,7.7,17,21,193,False,23,26
Bill Walton,27,False,10.0,2.24,7.74,29,7,49,False,31,19
Dolph Schayes,28,False,11.657,,,,,97,True,25,27
Patrick Ewing,29,False,9.729,2.312,7.429,24,18,139,False,28,25
Yao Ming,30,False,8.912,2.4,6.5,29,31,28,False,35,28
Willis Reed,31,False,12.09,2.5,4.9,32,50,78,False,29,35
Chris Bosh,32,True,8.438,2.085,6.354,27,33,89,False,34,32
Elgin Baylor,32,True,12.593,,,,,134,True,24,42
Larry Bird,32,True,9.685,1.769,7.915,34,24,164,False,33,33
Bob McAdoo,35,False,8.486,2.108,6.315,13,6,94,False,32,36
Russell Westbrook,36,False,6.933,1.583,5.378,43,22,135,False,38,31
Dirk Nowitzki,37,False,7.348,0.933,6.424,52,25,145,False,37,38
Luka Doncic,38,False,8.5,0.9,7.612,68,27,55,False,41,37
Draymond Green,39,True,6.814,1.05,5.764,54,34,169,False,46,34
LeBron James,39,True,7.478,1.122,6.374,50,31,302,False,40,40
Dave DeBusschere,39,True,10.725,1.9,8.8,44,20,96,False,36,44
Jayson Tatum,42,False,7.667,0.844,6.833,68,29,127,False,43,39
Kevin McHale,43,False,7.323,2.408,4.908,25,41,169,False,42,41
Billy Cunningham,44,False,9.911,1.55,6.7,48,36,39,False,39,46
Kevin Durant,45,False,6.9,0.622,6.272,75,30,171,False,44,43
Magic Johnson,46,False,7.2,1.769,5.438,33,40,190,False,45,48
Jason Kidd,47,True,6.226,1.258,4.963,45,39,158,False,49,50
Carmelo Anthony,47,True,6.163,1.542,4.621,38,44,83,False,50,49
Scottie Pippen,49,True,6.159,1.682,4.476,37,45,208,False,48,52
Paul George,49,True,6.0,0.762,5.238,66,38,125,False,53,47
Kawhi Leonard,51,False,6.257,1.136,5.121,56,43,146,False,58,45
Dominique Wilkins,52,False,6.493,2.66,3.84,19,54,56,False,52,53
James Harden,53,False,5.641,0.741,4.894,73,37,191,False,57,51
Julius Erving,54,True,6.627,2.455,4.164,28,49,141,False,55,55
Paul Arizin,54,True,8.64,,,,,49,True,47,63
Michael Jordan,56,False,6.12,1.513,4.593,46,46,179,False,54,60
Clyde Drexler,57,True,6.18,2.393,3.787,21,58,145,False,56,59
Tracy McGrady,57,True,5.413,1.307,4.107,38,47,50,False,61,54
Paul Pierce,59,False,5.437,0.8,4.647,54,42,170,False,59,57
Alex English,60,False,5.447,2.313,3.12,18,60,68,False,64,56
Kobe Bryant,61,False,5.2,1.065,4.12,50,48,220,False,62,62
Jimmy Butler,62,False,5.32,1.693,3.633,40,56,130,False,67,58
Bernard King,63,False,5.507,1.893,3.643,31,53,28,False,66,61
Rick Barry,64,False,6.49,0.914,4.257,66,52,74,False,60,68
Oscar Robertson,65,False,7.421,1.0,3.0,68,81,86,False,51,78
Adrian Dantley,66,False,5.427,2.227,3.213,22,62,73,False,65,66
James Worthy,67,False,5.108,1.683,3.417,41,66,143,False,68,64
Dwyane Wade,68,False,4.638,1.175,3.462,52,67,177,False,70,67
John Havlicek,69,False,6.288,1.54,3.52,49,76,172,False,63,75
Stephen Curry,70,False,4.659,0.653,4.029,82,51,155,False,74,65
Vince Carter,71,False,4.227,1.064,3.145,42,64,88,False,72,70
Anthony Edwards,72,False,5.233,0.733,4.5,85,55,52,False,75,72
Chris Paul,73,False,4.295,0.571,3.719,80,56,149,False,78,71
Shai Gilgeous-Alexander,74,True,4.75,0.738,4.037,80,58,61,False,79,73
Walt Frazier,74,True,5.185,0.957,3.343,60,61,93,False,69,83
Manu Ginobili,76,False,3.481,0.619,2.862,73,75,218,False,84,69
Bob Cousy,77,False,4.929,,,,,109,True,73,82
Kyrie Irving,78,True,4.179,0.843,3.329,62,69,96,False,81,76
Ja Morant,78,True,4.643,0.843,3.814,72,65,22,False,83,74
Ray Allen,78,True,4.05,0.922,3.117,58,73,171,False,77,80
Jerry West,81,False,5.657,1.0,2.8,68,85,153,False,71,88
Gary Payton,82,False,3.953,1.035,2.9,56,70,154,False,76,85
Donovan Mitchell,83,False,4.356,0.8,3.556,77,72,81,False,88,77
George Gervin,84,True,4.55,1.49,3.06,47,76,59,False,82,84
Sam Jones,84,True,4.9,,,,,154,True,87,79
Damian Lillard,84,True,4.285,0.585,3.7,86,67,68,False,85,81
Hal Greer,87,False,4.967,,,,,92,True,80,93
Devin Booker,88,False,4.064,0.655,3.427,77,71,51,False,90,86
Klay Thompson,89,True,3.408,0.469,2.962,89,78,158,False,93,87
Allen Iverson,89,True,3.693,0.807,2.893,60,79,71,False,89,91
Lenny Wilkens,91,False,4.72,0.85,2.0,76,88,64,False,86,95
Bill Sharman,92,False,3.882,,,,,78,True,95,89
Isiah Thomas,93,False,3.508,0.962,2.546,59,82,111,False,92,94
Steve Nash,94,False,2.911,0.522,2.389,84,80,120,False,97,90
Pete Maravich,95,False,4.0,0.929,3.086,62,74,26,False,91,97
Tony Parker,96,False,2.661,0.339,2.317,90,84,226,False,98,92
Reggie Miller,97,False,3.0,0.639,2.367,62,83,144,False,96,96
Dave Bing,98,False,3.792,1.06,1.88,65,89,31,False,94,99
John Stockton,99,False,2.7,0.637,2.058,77,87,182,False,100,98
Earl Monroe,100,False,2.908,0.529,2.029,88,86,82,False,99,100
Nate Archibald,101,False,2.3,0.54,1.57,87,90,47,False,101,101
