player,scoring_rank,scoring_tied,reg_PPG,po_PPG,reg_TS_pct,po_TS_pct,reg_GP,po_GP,FT_pct_scoring,total_A_rank,total_C_rank,scoring_median
Michael Jordan,1,False,29.453,34.069,0.559,0.569,1072,179,22.8,1,1,1.0
Kevin Durant,2,False,27.122,28.579,0.626,0.605,1201,171,23.3,3,6,4.5
Luka Doncic,3,False,29.262,31.5,0.589,0.582,514,55,21.9,6,4,5.0
LeBron James,4,False,26.739,27.937,0.592,0.586,1622,302,20.1,4,7,5.5
Stephen Curry,5,False,24.459,26.21,0.621,0.606,1069,155,16.4,12,3,7.5
Giannis Antetokounmpo,6,False,24.685,25.822,0.607,0.568,895,84,24.0,16,2,9.0
George Gervin,7,False,26.19,24.889,0.571,0.498,791,59,21.9,10,11,10.5
Joel Embiid,8,False,27.12,25.5,0.608,0.576,490,66,30.0,17,5,11.0
Shaquille O'Neal,9,True,22.989,22.271,0.588,0.542,1207,216,20.6,8,15,11.5
Kobe Bryant,9,True,24.2,24.893,0.543,0.539,1346,220,24.8,7,16,11.5
James Harden,11,False,23.947,22.376,0.607,0.585,1221,191,29.3,15,10,12.5
Kareem Abdul-Jabbar,12,False,24.59,25.433,0.592,0.563,1560,237,17.4,5,22,13.5
Karl Malone,13,False,24.689,24.947,0.574,0.521,1476,193,26.7,9,20,14.5
Nikola Jokic,14,False,22.445,27.625,0.638,0.605,810,100,18.5,21,9,15.0
Adrian Dantley,15,False,23.127,19.1,0.603,0.565,955,73,29.6,13,18,15.5
Shai Gilgeous-Alexander,16,False,25.412,23.54,0.609,0.583,530,61,24.8,24,8,16.0
Damian Lillard,17,False,25.362,24.11,0.589,0.545,900,68,23.5,20,13,16.5
Donovan Mitchell,18,False,25.267,27.589,0.576,0.552,609,81,17.3,28,12,20.0
Allen Iverson,19,False,26.064,28.475,0.517,0.495,914,71,26.3,11,30,20.5
Dominique Wilkins,20,False,24.02,22.05,0.53,0.506,1074,56,22.8,19,26,22.5
Dwyane Wade,21,False,21.831,22.585,0.55,0.542,1054,177,24.6,25,23,24.0
Anthony Davis,22,True,23.7,26.183,0.586,0.61,807,60,22.5,32,17,24.5
Charles Barkley,22,True,21.588,22.838,0.603,0.595,1073,123,26.7,18,31,24.5
Kawhi Leonard,22,True,20.529,22.292,0.601,0.613,798,146,19.3,35,14,24.5
Alex English,25,False,21.14,23.38,0.545,0.563,1193,68,16.7,27,25,26.0
Carmelo Anthony,26,False,22.016,21.869,0.54,0.501,1260,83,21.9,29,24,26.5
Devin Booker,27,False,24.818,26.62,0.58,0.611,737,51,22.0,36,19,27.5
Hakeem Olajuwon,28,False,21.006,23.533,0.545,0.557,1238,145,20.0,23,35,29.0
Dirk Nowitzki,29,False,20.11,24.64,0.568,0.57,1522,145,22.7,31,29,30.0
Kyrie Irving,30,False,23.971,22.5,0.584,0.563,779,96,16.1,40,21,30.5
Wilt Chamberlain,31,False,30.086,24.769,0.562,0.522,1045,160,19.4,2,61,31.5
Larry Bird,32,False,23.762,22.1,0.559,0.534,897,164,17.9,26,39,32.5
Jerry West,33,False,26.743,25.508,0.548,0.516,932,153,28.3,14,54,34.0
Jayson Tatum,34,False,23.544,24.356,0.577,0.569,601,127,19.3,41,28,34.5
Bernard King,35,True,21.407,20.16,0.56,0.577,874,28,20.5,38,32,35.0
Anthony Edwards,35,True,24.583,26.26,0.572,0.58,442,52,17.9,43,27,35.0
Tracy McGrady,37,True,18.507,22.244,0.511,0.449,938,50,21.2,33,38,35.5
Bob McAdoo,37,True,20.071,20.522,0.538,0.535,852,94,20.7,30,41,35.5
David Robinson,39,False,20.493,19.125,0.576,0.544,987,123,29.2,37,36,36.5
Reggie Miller,40,False,18.117,22.107,0.611,0.61,1389,144,24.7,39,37,38.0
Russell Westbrook,41,False,20.933,22.293,0.524,0.492,1301,135,22.3,50,33,41.5
Patrick Ewing,42,False,20.576,19.014,0.544,0.506,1183,139,21.9,42,44,43.0
Ray Allen,43,True,18.883,17.727,0.582,0.591,1300,171,17.9,44,45,44.5
Oscar Robertson,43,True,25.529,24.11,0.56,0.547,1040,86,28.8,22,67,44.5
Moses Malone,45,False,18.953,21.008,0.555,0.536,1329,94,31.4,45,49,47.0
Paul Pierce,46,True,18.932,17.593,0.565,0.536,1343,170,25.9,48,47,47.5
Ja Morant,46,True,22.614,25.05,0.554,0.531,327,22,22.7,61,34,47.5
Kevin McHale,48,False,17.869,18.562,0.597,0.608,971,169,21.1,53,43,48.0
Paul George,49,False,19.594,20.758,0.562,0.551,945,125,18.3,57,40,48.5
Julius Erving,50,True,21.809,21.218,0.556,0.535,836,141,20.9,54,46,50.0
Tim Duncan,50,True,18.889,20.089,0.549,0.546,1392,251,22.2,49,51,50.0
Clyde Drexler,52,False,20.38,19.68,0.543,0.517,1086,145,21.4,51,52,51.5
Pete Maravich,53,False,23.81,20.475,0.5,0.484,658,26,22.1,47,57,52.0
Vince Carter,54,True,16.345,17.136,0.529,0.518,1541,88,18.7,55,50,52.5
Yao Ming,54,True,18.562,19.65,0.594,0.594,486,28,27.3,63,42,52.5
Elgin Baylor,56,False,25.279,25.458,0.491,0.448,846,134,24.6,34,72,53.0
Rick Barry,57,False,23.07,21.314,0.509,0.475,794,74,20.8,46,62,54.0
Klay Thompson,58,False,18.538,18.589,0.567,0.547,934,158,8.8,71,48,59.5
Magic Johnson,59,False,19.385,19.254,0.609,0.584,906,190,28.0,58,63,60.5
Jimmy Butler,60,True,18.267,18.158,0.59,0.548,907,130,31.2,70,53,61.5
Kevin Garnett,60,True,17.019,18.507,0.539,0.52,1462,143,18.4,59,64,61.5
James Worthy,60,True,17.717,20.822,0.557,0.564,926,143,15.1,65,58,61.5
Chris Bosh,63,True,19.392,16.85,0.569,0.548,893,89,25.7,68,56,62.0
Chris Paul,63,True,16.29,20.173,0.571,0.581,1370,149,20.8,69,55,62.0
Elvin Hayes,65,False,20.95,22.23,0.492,0.493,1303,96,19.6,56,75,65.5
Bob Pettit,66,False,26.182,24.433,0.509,0.495,792,88,29.7,52,80,66.0
Dwight Howard,67,False,15.389,15.892,0.609,0.59,1242,125,27.2,73,60,66.5
Nate Archibald,68,True,18.231,14.04,0.539,0.498,876,47,28.2,62,74,68.0
Gary Payton,68,True,16.347,14.48,0.521,0.46,1335,154,15.0,66,70,68.0
Tony Parker,70,True,15.372,17.506,0.542,0.512,1254,226,17.5,79,59,69.0
John Havlicek,70,True,20.75,21.477,0.491,0.491,1270,172,20.3,60,78,69.0
Isiah Thomas,72,False,19.008,20.489,0.514,0.515,979,111,21.4,75,71,73.0
Pau Gasol,73,False,16.561,15.217,0.562,0.546,1226,136,22.6,81,66,73.5
George Mikan,74,True,22.443,22.914,0.479,0.487,439,70,30.0,64,84,74.0
Paul Arizin,74,True,22.79,21.862,0.506,0.501,713,49,30.9,67,81,74.0
Scottie Pippen,76,False,15.524,16.631,0.528,0.52,1178,208,16.6,77,73,75.0
Dave Bing,77,False,20.3,16.16,0.501,0.473,901,31,24.2,72,79,75.5
Steve Nash,78,False,13.517,14.942,0.589,0.535,1217,120,17.5,84,68,76.0
Billy Cunningham,79,False,20.233,20.083,0.499,0.474,654,39,24.9,76,77,76.5
Earl Monroe,80,False,18.1,18.5,0.516,0.48,926,82,20.6,78,76,77.0
Robert Parish,81,False,14.21,13.975,0.564,0.523,1611,184,17.6,86,69,77.5
Manu Ginobili,82,False,13.15,13.773,0.581,0.567,1057,218,23.8,91,65,78.0
Walt Frazier,83,False,17.092,20.212,0.525,0.556,825,93,21.0,74,85,79.5
Sam Jones,84,False,17.4,18.375,0.499,0.5,871,154,18.7,83,82,82.5
Willis Reed,85,False,17.59,18.543,0.516,0.511,650,78,20.1,82,87,84.5
Hal Greer,86,False,18.647,17.715,0.501,0.487,1122,92,21.1,80,90,85.0
John Stockton,87,False,13.058,13.574,0.604,0.572,1504,182,24.4,88,83,85.5
Dolph Schayes,88,False,17.733,19.407,0.48,0.495,996,97,36.3,85,91,88.0
Bob Cousy,89,False,17.286,19.946,0.458,0.438,924,109,27.4,90,89,89.5
Bill Sharman,90,False,17.5,17.94,0.495,0.516,711,78,24.8,92,88,90.0
Dave Cowens,91,False,17.145,18.286,0.495,0.481,766,89,15.1,89,92,90.5
Jerry Lucas,92,False,16.845,14.275,0.543,0.476,829,72,18.7,87,95,91.0
Bill Walton,93,False,12.7,10.5,0.54,0.56,468,49,17.8,97,86,91.5
Lenny Wilkens,94,False,16.467,16.429,0.507,0.478,1077,64,30.0,93,94,93.5
Jason Kidd,95,False,12.563,12.429,0.51,0.478,1391,158,17.7,95,93,94.0
Nate Thurmond,96,False,15.121,12.256,0.465,0.452,964,81,23.9,94,98,96.0
Dave DeBusschere,97,False,15.567,16.538,0.468,0.456,875,96,18.6,96,97,96.5
Draymond Green,98,False,8.6,11.05,0.534,0.543,949,169,16.1,100,96,98.0
Bill Russell,99,True,15.115,16.1,0.471,0.466,963,165,21.6,98,101,99.5
Wes Unseld,99,True,10.638,10.7,0.535,0.519,984,119,17.6,99,100,99.5
Dennis Rodman,101,False,6.714,6.664,0.525,0.515,911,169,16.9,101,99,100.0
