player,reg_PPG,reg_TS,reg_GP,reg_APG,reg_FTM,reg_MPG,reg_A_career,reg_A_peak,reg_C_career,reg_C_peak,po_PPG,po_TS,po_GP,po_APG,po_FTM,po_MPG,po_A_career,po_A_peak,po_C_career,po_C_peak,po_weighted_gp,total_weighted_gp,po_weight,reg_weight,reg_A,po_A,total_A,total_A_rank,reg_C,po_C,total_C,total_C_rank,scoring_median,scoring_rank,FTR,peak_PPG,TOV,o_dpm,PPG_era_z,APG_era_z,TS_pct_era_z,peak_PPG_z,impact_score,impact_rank,FT_pct_scoring,era_group,reg_PPG_z,reg_TS_z,po_PPG_z,po_GP_z,FT_pct_scoring_z
Michael Jordan,29.453,0.559,1072,5.14,6.713,37.573,34.503,42.918,0.8369,0.995,34.069,0.569,179,5.877,8.823,42.115,40.638,46.667,0.8817,0.9933,537,1609,0.33374766935985084,0.6662523306401491,39.552,44.255399999999995,41.121748788067116,1,0.9317599999999999,0.9486600000000001,0.9374003356121814,1,1.0,1,0.2957415565345081,34.16,0,3.09,1.4135,0.2357,-0.0774,1.9976,4.1868176634075915,8,22.8,Modern (2001+),2.070291515174691,0.21759920044537837,2.8242211523048297,1.065781481490088,0.13065452794855828
Kevin Durant,27.195,0.632,1240,4.455,6.27,36.255,31.332,36.934,0.8721,0.9829,29.008,0.596,170,4.254,7.569,40.746,31.375,36.62,0.7837,0.9391,510,1750,0.2914285714285714,0.7085714285714286,34.693200000000004,34.522,34.64330742857143,3,0.93858,0.8769399999999999,0.9206163428571429,5,4.0,2,0.3404833016562585,30.16,0,4.415,1.0221,-0.2346,1.1669,1.8205,3.9514109666039072,12,23.1,Modern (2001+),1.5677245972659664,1.9962676094074097,1.761053541799402,0.9066495224436869,0.19576689960713267
LeBron James,26.739,0.592,1615,7.4,5.383,37.409,29.724,35.547,0.7926,0.9126,28.2,0.588,292,7.211,6.256,41.211,30.788,38.64,0.7498,0.9516,876,2491,0.35166599759132877,0.6483340024086712,33.2178,35.4992,34.020090806904854,4,0.8645999999999999,0.8708800000000001,0.8668084624648735,7,5.5,3,0.2772676371780515,30.06,0,5.286,1.0327,1.0352,0.4466,1.7514,4.8375973853829155,3,20.1,Modern (2001+),1.466231898166596,1.021654782578898,1.591316448480219,3.0637716339615686,-0.4553568169786096
Luka Doncic,29.06,0.589,562,8.11,6.34,35.14,30.121,33.789,0.8794,0.9738,31.5,0.582,55,7.86,6.26,39.04,32.374,32.374,0.8587,0.8587,165,727,0.22696011004126548,0.7730398899587345,32.321799999999996,32.374,32.33364731774415,6,0.93604,0.8587,0.9184869050894086,6,6.0,4,0.3027698185291308,31.44,0,4.451,0.9708,1.0932,-0.0552,1.2073,4.516587423063443,5,21.8,Modern (2001+),1.9828208337140492,0.9485588205667594,2.2845496266402487,-1.1267032875936605,-0.08638671091335579
Stephen Curry,24.494,0.621,1065,6.212,4.029,33.306,27.356,34.7,0.8331,1.0622,26.21,0.606,155,6.3,4.46,37.57,28.372,31.342,0.771,0.8605,465,1530,0.30392156862745096,0.696078431372549,31.7624,30.154,31.273572549019605,11,0.97056,0.8247,0.9262299999999999,3,7.0,5,0.22757475083056478,29.2,0,4.518,0.6416,0.5235,0.9652,1.2513,4.136768925632998,10,16.4,Modern (2001+),0.9665584124690373,1.7282490820295688,1.1732758349837167,0.641429590699685,-1.2584094007676923
Giannis Antetokounmpo,24.685,0.607,895,5.1,5.915,32.546,26.12,33.014,0.8181,1.0536,25.822,0.568,84,5.267,5.733,35.822,25.355,30.866,0.7254,0.8724,252,1147,0.21970357454228423,0.7802964254577158,30.256400000000003,28.6616,29.90601673931997,15,0.9594,0.8135999999999999,0.927367218831735,2,8.5,6,0.3642823306489815,30.26,0,2.806,0.5363,-0.0105,0.5858,1.1054,3.254614631367089,22,24.0,Modern (2001+),1.009069608802326,1.3871345926395897,1.0917684188849006,-0.6139447528885903,0.39110401458285504
George Gervin,26.19,0.571,791,2.81,5.73,33.54,28.436,34.016,0.7755,0.8861,24.889,0.498,59,2.878,5.611,34.267,26.53,33.308,0.6502,0.7941,177,968,0.1828512396694215,0.8171487603305785,31.784,30.5968,31.56691900826446,9,0.84186,0.73654,0.8226021074380165,11,10.0,7,0.2876506024096386,29.86,0,,1.0321,-0.3282,0.372,1.6062,3.4104789611161945,19,21.9,Historical (pre-2001),1.3440400301719593,0.5099830484939292,0.895772493059656,-1.0559779724619267,-0.06468258702716484
Joel Embiid,27.12,0.609,487,3.73,8.12,31.34,27.941,33.827,0.909,1.0539,25.714,0.578,59,3.086,8.471,35.871,23.773,26.455,0.6814,0.739,177,664,0.26656626506024095,0.733433734939759,31.4726,25.382199999999997,29.84910481927711,16,0.99594,0.7159599999999999,0.9213067771084338,4,10.0,7,0.45388485187255456,30.88,0,2.389,0.7556,-0.7057,0.4972,1.1973,2.760461480376221,37,29.9,Modern (2001+),1.5510317191246228,1.4358652339810154,1.0690807875996633,-1.0559779724619267,1.6716473238681477
Kobe Bryant,24.2,0.543,1346,4.76,6.01,35.775,26.253,35.813,0.6813,0.8588,24.893,0.539,220,4.453,5.727,38.267,26.767,35.045,0.6452,0.8153,660,2006,0.32901296111665007,0.6709870388833499,31.989,31.733800000000002,31.90503589232303,7,0.7878000000000001,0.74726,0.7744618145563311,16,11.5,9,0.31565126050420167,30.76,0,4.56,0.9127,0.1679,-0.2802,1.7218,3.41115780539707,18,24.8,Modern (2001+),0.9011223301549693,-0.17224593028602636,0.8966127756998502,1.7907159615903596,0.5647370056723865
James Harden,23.765,0.608,1388,8.013,6.943,35.204,24.392,35.571,0.6955,0.9978,22.575,0.586,173,6.65,6.388,36.681,22.035,30.127,0.5988,0.8225,519,1907,0.27215521761929734,0.7278447823807026,31.099399999999996,26.8902,29.95384425799685,14,0.87688,0.73302,0.8377277503932878,10,12.0,10,0.4344396082698585,31.78,0,4.636,0.3941,1.1529,0.5904,1.6692,4.294038256350257,6,29.2,Modern (2001+),0.8043036369351755,1.4114999133103026,0.40966898570744126,0.9596935087924873,1.519718456664808
Shaquille O'Neal,22.09,0.588,1268,2.348,4.543,33.471,25.353,35.895,0.6835,0.88,22.271,0.542,216,2.453,5.076,35.041,24.367,35.561,0.6056,0.8144,648,1916,0.33820459290187893,0.6617954070981211,31.678200000000004,31.0834,31.477035908141964,10,0.8014000000000001,0.73088,0.7775498121085596,15,12.5,11,0.30228136882129275,29.06,0,1.676,0.3409,-0.7996,0.8509,1.4676,2.3970045870734076,45,20.6,Modern (2001+),0.43149602511182983,0.9241934998960467,0.34580750505269947,1.7199906464586259,-0.34683619754765255
Kareem Abdul-Jabbar,24.59,0.592,1560,3.625,4.29,36.79,27.521,36.167,0.6482,0.7699,25.433,0.563,237,3.422,4.578,39.211,27.318,38.995,0.6105,0.8241,711,2271,0.3130779392338177,0.6869220607661823,32.708600000000004,34.3242,33.21440871862616,5,0.72122,0.7386600000000001,0.7266800792602378,22,13.5,12,0.23623348017621146,31.1,0,,0.7305,-0.0925,1.1321,1.7269,3.7332796183883032,14,17.4,Historical (pre-2001),0.9879252964899574,1.021654782578898,1.0100509321260367,2.091298550900228,-1.0413681619057782
Karl Malone,24.689,0.574,1476,3.584,6.584,37.053,27.982,35.326,0.6859,0.8519,24.947,0.521,193,2.947,6.705,41.053,25.334,32.985,0.5623,0.7131,579,2055,0.28175182481751826,0.7182481751824817,32.3884,29.9246,31.694219854014598,8,0.7854999999999999,0.6527799999999999,0.7481058978102189,20,14.0,13,0.3761274804570054,28.96,0,1.912,0.7653,-0.2274,0.4198,1.4513,3.2230797902920827,23,26.7,Modern (2001+),1.0099598956365312,0.5830790105060676,0.9079565913424685,1.3133200844511563,0.9771153595100229
Nikola Jokic,22.464,0.638,804,7.609,4.155,32.136,23.988,31.134,0.7501,0.92,27.886,0.612,94,7.3,4.986,37.829,29.2,31.012,0.8025,0.8625,282,1086,0.2596685082872928,0.7403314917127072,28.275599999999997,30.2872,28.797949171270716,20,0.8520400000000001,0.8385,0.8485240883977901,9,14.5,14,0.2723480333730632,27.48,0,3.889,0.1486,1.0425,1.2486,0.6894,4.223975071232588,7,18.5,Modern (2001+),0.5147378441099975,2.1424595334316865,1.525354261224992,-0.43713146505925576,-0.8026227991576724
Shai Gilgeous-Alexander,25.45,0.609,524,5.388,6.312,33.338,26.573,33.054,0.8093,0.9976,22.525,0.58,46,5.05,5.15,36.4,20.926,20.926,0.5831,0.5831,138,662,0.2084592145015106,0.7915407854984894,30.4616,20.926,28.473816314199397,22,0.92228,0.5831,0.8515748036253776,8,15.0,15,0.36174785100286533,30.02,0,2.786,0.48,-0.1079,0.4059,1.0083,2.98509807927568,30,24.8,Modern (2001+),1.1793369658440331,1.4358652339810154,0.39916545270501647,-1.2858352466400615,0.5647370056723865
Adrian Dantley,22.711,0.6,1107,2.853,6.863,34.637,24.934,37.621,0.64,0.8901,19.1,0.565,73,2.229,6.0,31.414,19.95,24.452,0.5209,0.6212,219,1326,0.16515837104072398,0.834841628959276,32.5462,22.651200000000003,30.911957918552037,12,0.79006,0.58108,0.7555452036199095,19,15.5,16,0.4591549295774648,30.42,0,,0.4104,-0.3662,0.9375,1.6218,2.971371785395593,31,30.2,Historical (pre-2001),0.5697130561221564,1.2165773479446003,-0.32032655796107423,-0.8084393695008584,1.7367596955267222
Damian Lillard,25.362,0.589,900,6.823,5.954,36.246,25.993,31.195,0.733,0.8828,24.11,0.545,68,5.63,5.97,38.23,23.337,30.098,0.6059,0.7858,204,1104,0.18478260869565216,0.8152173913043479,29.114199999999997,27.3936,28.79626304347826,21,0.8228800000000001,0.71384,0.8027313043478261,13,17.0,17,0.32129514321295144,28.98,0,4.508,0.6918,0.7509,0.2084,1.0754,3.9900132065167817,11,23.5,Modern (2001+),1.159750655491523,0.9485588205667594,0.7321274488818793,-0.8968460134155256,0.282583395151898
Donovan Mitchell,25.267,0.575,604,4.889,4.367,33.844,24.605,27.204,0.7487,0.8162,27.787,0.551,63,4.913,5.488,37.275,26.911,32.247,0.7551,0.9255,189,793,0.23833543505674654,0.7616645649432534,26.1644,30.1126,27.105395964691045,30,0.7892,0.85734,0.8054401765447667,12,21.0,18,0.22228506787330313,27.02,0,3.786,0.4421,-0.2863,-0.3116,0.5673,2.3361768170250485,47,17.3,Modern (2001+),1.1386063431791542,0.6074443311767803,1.504557265880191,-0.9852526573301928,-1.0630722857919692
Dominique Wilkins,24.341,0.53,1148,2.435,5.547,34.582,25.118,32.601,0.6448,0.7816,22.05,0.506,56,2.19,5.56,35.47,20.707,28.451,0.5252,0.6521,168,1316,0.1276595744680851,0.8723404255319149,29.607799999999997,25.3534,29.064685106382974,19,0.72688,0.60134,0.7108536170212766,26,22.5,19,0.28090557044980635,29.8,0,,0.6709,-0.558,-0.6904,1.3932,2.15119347671713,54,22.8,Historical (pre-2001),0.9325049410606961,-0.4889950990052927,0.29938188918198233,-1.109021958810727,0.13065452794855828
Allen Iverson,24.16,0.523,1064,5.895,6.465,39.325,24.724,34.343,0.585,0.7591,28.475,0.495,71,5.925,6.525,44.412,29.222,33.491,0.6116,0.6803,213,1277,0.1667971808927173,0.8332028191072827,30.495400000000004,31.7834,30.71023476898982,13,0.68946,0.65282,0.6833485512920908,32,22.5,19,0.3308597748208803,31.48,0,2.876,0.7403,0.5208,-0.8129,1.6965,3.2666099954461436,21,26.8,Modern (2001+),0.8922194618129196,-0.6595523437002823,1.6490858799935553,-0.8438020270667252,0.9988194833962146
Kawhi Leonard,20.557,0.601,791,3.086,3.979,31.314,20.628,27.452,0.6612,0.8533,22.292,0.613,146,3.317,4.45,35.542,23.759,34.04,0.6591,0.906,438,1229,0.3563873067534581,0.6436126932465419,24.7224,29.927599999999998,26.577467209113102,33,0.7764599999999999,0.80724,0.7874296013018713,14,23.5,21,0.2657442748091603,26.46,0,3.632,0.0078,-0.8051,0.4901,0.7258,1.7680401714194822,64,19.4,Modern (2001+),0.09029359590276172,1.240942668615313,0.350218988913718,0.48229763165328393,-0.6072856841819501
Charles Barkley,21.588,0.603,1073,3.962,5.769,36.412,24.34,32.506,0.6031,0.7691,22.838,0.595,123,3.838,6.1,38.977,25.494,31.009,0.5839,0.6727,369,1442,0.25589459084604715,0.7441054091539528,29.2396,28.803,29.127876421636618,18,0.7027,0.63718,0.685933786407767,30,24.0,22,0.4025294374182294,26.5,0,,0.3026,-0.0744,1.0014,0.8977,3.144021114498533,26,26.7,Historical (pre-2001),0.31976502741910207,1.2896733099567386,0.4649175693001955,0.07562706964581445,0.9771153595100229
Anthony Davis,23.594,0.583,858,2.788,5.262,33.812,23.263,27.932,0.6977,0.8159,26.183,0.61,60,2.733,6.333,37.967,27.635,30.607,0.7263,0.7801,180,1038,0.17341040462427745,0.8265895953757225,26.0644,29.418200000000002,26.6459838150289,32,0.76862,0.75858,0.7668789595375722,17,24.5,23,0.30562613430127045,26.8,0,1.521,0.3638,-1.0399,0.0119,1.0303,1.6876501727755708,66,22.3,Modern (2001+),0.7662438747729117,0.8023668965424827,1.167603927162407,-1.0382966436789933,0.022133908517601254
Carmelo Anthony,22.371,0.542,1337,2.662,4.986,34.405,22.476,31.145,0.6303,0.8104,21.869,0.501,83,2.354,5.438,36.977,20.103,29.59,0.5177,0.7116,249,1586,0.15699873896595207,0.8430012610340479,27.6774,25.7952,27.38189697351828,27,0.73836,0.63404,0.7219818915510718,23,25.0,24,0.27838340866790745,27.94,0,2.275,0.5068,-0.7428,-0.5945,1.507,1.8336592073708367,61,22.3,Modern (2001+),0.4940386752147311,-0.19661125095673915,0.26135909971320476,-0.6316260816715238,0.022133908517601254
Dwyane Wade,20.694,0.543,1121,5.156,4.989,32.656,20.804,30.584,0.6036,0.7941,22.585,0.542,177,5.046,5.262,37.292,23.016,32.967,0.5905,0.778,531,1652,0.32142857142857145,0.6785714285714286,26.672,28.986599999999996,27.415978571428575,26,0.7179,0.7030000000000001,0.7131107142857144,25,25.5,25,0.3125652627915071,27.38,0,3.249,0.3541,0.2957,-0.4126,1.3245,2.80027791636622,35,24.1,Modern (2001+),0.1207859199742832,-0.17224593028602636,0.41176969230792654,1.0304188239242211,0.41280813846904674
Devin Booker,24.764,0.58,731,5.327,5.455,34.345,24.088,27.26,0.7174,0.7985,27.95,0.623,47,5.525,6.45,40.05,29.419,29.419,0.7517,0.7517,141,872,0.16169724770642202,0.838302752293578,25.991200000000003,29.419,26.545465825688076,34,0.76606,0.7517,0.7637380275229357,18,26.0,26,0.2942618930848455,26.98,0,2.784,0.4483,0.0331,-0.1286,0.6923,2.7750153489715057,36,22.0,Modern (2001+),1.026652773777875,0.7292709345303443,1.5387987834680954,-1.2681539178571282,-0.042978463140973124
Alex English,20.782,0.544,1271,3.512,3.471,31.612,21.133,31.14,0.5853,0.7868,23.38,0.563,68,4.28,4.24,34.57,24.337,30.211,0.6491,0.7571,204,1475,0.13830508474576272,0.8616949152542372,27.1372,27.8614,27.23736054237288,28,0.7062,0.7139,0.7072649491525425,27,27.5,27,0.20267949158364823,28.24,0,,0.1885,-0.1649,-0.3188,1.2341,2.1917276006224036,53,16.7,Historical (pre-2001),0.14037223032679352,-0.14788060961531357,0.5787758670464788,-0.8968460134155256,-1.1932970291091178
Hakeem Olajuwon,21.006,0.545,1238,2.406,4.206,35.15,21.964,29.732,0.5538,0.6964,23.533,0.557,145,2.593,4.74,38.247,25.941,37.992,0.6013,0.8521,435,1673,0.26001195457262405,0.739988045427376,26.6248,33.1716,28.327046264196056,24,0.6393599999999999,0.7517799999999999,0.6685905439330543,35,29.5,28,0.25557056043214044,26.58,0,-2.03,0.1957,-0.6394,-0.308,0.9642,1.7142532265055859,65,20.0,Modern (2001+),0.1902282930422738,-0.12351528894460077,0.6109166780338987,0.4646163028703505,-0.4770609408648013
Dirk Nowitzki,20.11,0.568,1522,2.338,4.562,33.005,21.455,29.031,0.6041,0.7412,24.64,0.57,145,2.387,7.08,40.02,26.439,32.111,0.6336,0.7593,435,1957,0.22227899846704138,0.7777210015329586,26.0006,29.8422,26.854507000510985,31,0.68636,0.70902,0.6913968421052631,29,30.0,29,0.29974968710888605,25.74,0,3.575,0.2522,-0.8227,0.3226,1.0083,1.951967629792843,58,22.7,Modern (2001+),-0.009195957819647315,0.4368870864817908,0.8434648987075812,0.4646163028703505,0.10895040406236657
Kyrie Irving,24.356,0.588,839,5.619,3.912,34.862,24.997,28.305,0.73,0.8212,22.5,0.563,96,4.943,3.914,37.743,20.732,22.029,0.5658,0.61,288,1127,0.25554569653948533,0.7444543034605147,26.9818,21.510199999999998,25.583556166814553,40,0.78472,0.59232,0.735553007985803,21,30.5,30,0.2088058705803869,27.2,0,3.726,0.5091,0.1968,0.1294,0.7445,3.158694513743445,25,16.1,Modern (2001+),0.935843516688965,0.9241934998960467,0.3939136862038044,-0.40176880749338884,-1.3235217724262658
Wilt Chamberlain,30.638,0.556,1118,4.269,5.8,45.55,30.737,42.663,0.4962,0.6493,24.769,0.522,160,3.977,5.077,47.338,22.283,31.52,0.3522,0.4751,480,1598,0.30037546933667086,0.6996245306633291,37.892599999999995,27.825200000000002,34.868599999999994,2,0.58806,0.42594,0.5393631289111389,61,31.5,31,0.24993266900080796,42.02,0,,1.0343,-0.0445,1.13,2.1072,4.150040461556057,9,18.9,Historical (pre-2001),2.334038989807924,0.14450323843323998,0.8705640138538365,0.7298362346143523,-0.7158063036129071
Larry Bird,23.762,0.559,897,6.277,4.262,37.869,25.039,31.448,0.605,0.7362,22.1,0.534,164,6.475,4.8,40.7,21.611,27.917,0.4826,0.6078,492,1389,0.3542116630669546,0.6457883369330454,28.8844,25.3946,27.64827213822894,25,0.6837199999999999,0.55772,0.6390893304535636,39,32.0,32,0.22356739305891848,27.36,0,,0.5367,0.7598,-0.1472,1.0109,3.6159229413850644,16,17.9,Historical (pre-2001),0.8036359218095217,0.21759920044537837,0.3098854221844072,0.8005615497460862,-0.9328475424748212
Anthony Edwards,24.7,0.573,439,4.067,4.433,34.883,23.595,25.239,0.6931,0.733,27.425,0.592,42,5.05,5.2,39.3,27.438,27.438,0.7189,0.7189,126,565,0.22300884955752212,0.7769911504424779,24.581400000000002,27.438,25.21844707964602,41,0.71704,0.7189,0.7174547964601771,24,32.5,33,0.23292469352014009,25.78,0,3.332,0.1819,-0.8198,-0.6424,0.3414,1.2987995204985205,80,17.9,Modern (2001+),1.012408184430595,0.5587136898353547,1.4285116869426366,-1.3565605617717955,-0.9328475424748212
Bernard King,21.407,0.56,874,3.136,4.393,32.393,21.926,29.415,0.6039,0.7511,20.16,0.577,28,2.1,4.18,30.52,21.608,21.608,0.5919,0.5919,84,958,0.08768267223382047,0.9123173277661796,26.419399999999996,21.608,25.997523590814193,38,0.69222,0.5919,0.6834236743215032,31,34.5,34,0.2670429874077291,27.0,0,,0.2511,-0.2822,-0.0558,1.0615,2.286012314069112,50,20.5,Historical (pre-2001),0.2794795481713254,0.24196452111609115,-0.09765165830967108,-1.6040991647328637,-0.36854032143384424
Bob McAdoo,20.01,0.534,1000,2.265,4.1,31.345,19.694,33.436,0.5316,0.7013,20.522,0.535,94,1.544,3.9,31.456,19.608,27.475,0.5301,0.605,282,1282,0.21996879875195008,0.7800312012480499,27.9392,24.3282,27.14489266770671,29,0.63342,0.57504,0.6205782215288611,41,35.0,35,0.2555313181676535,29.96,0,,0.1338,-0.6604,-0.093,1.5634,1.7701149893202768,63,20.5,Historical (pre-2001),-0.031453128674771944,-0.3915338163224415,-0.02160607937211667,-0.43713146505925576,-0.36854032143384424
Jayson Tatum,23.322,0.573,595,3.856,4.489,34.178,22.275,27.464,0.6612,0.783,24.488,0.564,121,4.675,5.788,38.5,22.375,25.914,0.5941,0.6744,363,958,0.37891440501043844,0.6210855949895615,25.388399999999997,24.498400000000004,25.051166179540708,42,0.73428,0.64228,0.6994198747390397,28,35.0,35,0.25015479876160995,27.42,0,3.28,0.212,-0.7,-0.2866,0.6198,1.6681009596983687,67,19.2,Modern (2001+),0.705704370046971,0.5587136898353547,0.81153415838021,0.04026441207994754,-0.6506939319543327
Jerry West,26.743,0.548,932,6.693,7.564,38.886,25.868,30.853,0.509,0.6035,25.508,0.516,153,5.215,6.854,36.415,26.766,35.061,0.4887,0.6328,459,1391,0.3299784327821711,0.6700215672178289,28.859,31.743000000000002,29.810657800143787,17,0.5657000000000001,0.57516,0.5688215959741194,54,35.5,37,0.37380868337451467,30.6,0,,0.815,0.921,0.9115,1.269,4.70984872166196,4,28.3,Historical (pre-2001),1.4671221850008005,-0.050419326932462386,1.0258062316296737,0.6060669331338181,1.3243813416890857
David Robinson,20.493,0.576,987,2.371,5.979,33.843,22.097,30.092,0.5839,0.7308,19.125,0.544,123,2.4,5.817,35.242,19.128,26.879,0.4741,0.627,369,1356,0.2721238938053097,0.7278761061946903,26.894,23.7786,26.04622522123894,37,0.67204,0.56584,0.6431404424778762,36,36.5,38,0.4259541984732824,26.46,0,0.213,0.1599,-0.7371,0.5211,0.9007,2.0384767234924994,56,29.2,Modern (2001+),0.07604900655548164,0.6318096518474932,-0.31507479145986217,0.07562706964581445,1.519718456664808
Reggie Miller,18.117,0.611,1389,2.944,4.467,34.25,20.046,26.101,0.5287,0.6584,22.107,0.61,144,2.5,6.18,37.573,25.896,36.693,0.6176,0.8479,432,1821,0.2372322899505766,0.7627677100494235,23.679,32.3742,25.741782207578254,39,0.60652,0.75578,0.641929291598023,37,38.0,39,0.3555948695267581,22.22,0,2.356,-0.2237,-0.5254,1.3364,0.4381,2.2462857052327987,51,24.7,Modern (2001+),-0.4527813729622903,1.4845958753224409,0.31135591680474617,0.446934974087417,0.5430328817861947
Tracy McGrady,17.071,0.504,968,4.1,3.606,30.0,16.811,31.423,0.4706,0.7316,22.244,0.449,50,4.944,5.289,34.933,23.288,34.021,0.525,0.7278,150,1118,0.13416815742397137,0.8658318425760286,25.5782,29.727800000000002,26.13494418604651,36,0.6272,0.64668,0.6298135957066189,40,38.0,39,0.2484799351438995,27.64,0,3.008,-0.2708,-0.1347,-1.2332,1.2812,1.1769294034571496,85,21.1,Modern (2001+),-0.6855913801068988,-1.1224934364438253,0.3401355972313899,-1.2151099315083278,-0.2383155781166955
Ray Allen,19.285,0.58,1376,3.51,3.48,35.965,21.006,27.392,0.5422,0.661,17.727,0.591,171,2.818,3.127,36.545,19.322,27.86,0.4872,0.65,513,1889,0.27157226045526733,0.7284277395447327,24.8376,24.444799999999997,24.730926416093173,43,0.61348,0.5848800000000001,0.6057130333509795,43,43.0,41,0.23223223223223222,24.58,0,3.494,0.0586,-0.3691,0.6632,0.677,2.362780568361023,46,18.0,Modern (2001+),-0.19281761737442926,0.7292709345303443,-0.6087535742076565,0.9243308512266203,-0.9111434185886295
Russell Westbrook,20.425,0.525,1374,7.87,4.475,32.61,18.123,26.853,0.5503,0.7781,22.293,0.492,135,7.243,5.357,35.014,19.275,26.88,0.5335,0.7206,405,1779,0.22765598650927488,0.7723440134907251,23.361,23.838,23.469591905564926,53,0.68698,0.64576,0.6775960202360878,33,43.0,41,0.2660523186682521,27.18,0,2.782,-0.0838,1.1342,-1.2735,1.2086,2.6496884423013936,39,21.9,Modern (2001+),0.060914130373997045,-0.6108217023588567,0.350429059573766,0.2878030150410159,-0.06468258702716484
Patrick Ewing,20.576,0.544,1183,1.794,4.512,34.024,21.37,28.069,0.5571,0.6828,19.014,0.506,139,1.9,4.214,36.093,18.072,25.653,0.4415,0.5863,417,1600,0.260625,0.739375,25.389400000000002,22.620599999999996,24.6677815,44,0.63252,0.5283800000000001,0.6053785125,45,44.5,43,0.2816746235769372,25.58,0,-3.19,0.1588,-0.88,-0.3015,0.8504,1.4268093361582659,76,21.9,Modern (2001+),0.0945224583652359,-0.14788060961531357,-0.33839263472524517,0.35852833017274977,-0.06468258702716484
Oscar Robertson,25.529,0.56,1040,9.45,7.35,42.071,24.845,31.638,0.4433,0.5551,24.11,0.547,86,9.27,7.37,43.77,22.36,28.384,0.3798,0.4565,258,1298,0.1987673343605547,0.8012326656394453,28.9208,25.974400000000003,28.335151926040062,23,0.5103800000000001,0.42582,0.4935722342064715,67,45.0,44,0.3915525114155251,30.9,0,,0.5826,2.0989,1.2671,1.3343,5.834325829412656,1,28.8,Historical (pre-2001),1.196920130819582,0.24196452111609115,0.7321274488818793,-0.5785820953227234,1.4329019611200426
Paul Pierce,18.932,0.565,1343,3.358,4.895,33.189,19.729,28.078,0.539,0.6854,17.593,0.536,170,3.164,4.729,34.886,17.457,24.483,0.441,0.5797,510,1853,0.27522935779816515,0.7247706422018348,24.7384,21.672600000000003,23.894601834862385,47,0.6268400000000001,0.5242199999999999,0.5985959633027523,48,47.5,45,0.34936138241923365,25.82,0,2.714,0.0353,-0.3985,0.2055,0.8244,2.0548762034089902,55,25.9,Modern (2001+),-0.2713854304930212,0.3637911244696524,-0.6369030426541548,0.9066495224436869,0.8034823684204915
Paul George,19.556,0.562,937,3.644,3.575,32.069,18.312,23.878,0.5675,0.7096,21.155,0.547,114,4.018,5.1,38.364,19.856,26.645,0.5086,0.665,342,1279,0.26739640344018767,0.7326035965598123,21.651600000000002,23.9294,22.26067552775606,57,0.65276,0.6024400000000001,0.6393046129788897,38,47.5,45,0.23186055938386704,24.62,0,1.952,-0.1415,-0.5479,-0.4135,0.6842,1.343731140209921,79,18.3,Modern (2001+),-0.13250068435704004,0.29069516245751675,0.11136864843858046,-0.08350488940058665,-0.846031046930055
Moses Malone,17.79,0.555,1411,1.186,5.567,30.095,18.327,28.741,0.4959,0.6714,21.008,0.536,94,1.483,5.933,38.967,20.029,25.185,0.4586,0.5704,282,1693,0.16656822209096278,0.8334317779090372,24.5754,23.1226,24.333409686946247,46,0.6012,0.52568,0.5886207678676905,50,48.0,48,0.4436432637571158,26.82,0,,-0.1907,-1.0548,-0.07,1.1179,0.9881232846918082,88,31.3,Historical (pre-2001),-0.5255623216585498,0.12013791776252718,0.08048826141145146,-0.43713146505925576,1.975505058274828
Vince Carter,16.6,0.529,1691,2.988,3.042,30.054,16.379,29.371,0.4791,0.7127,17.136,0.518,88,3.291,4.145,33.836,15.733,24.065,0.4222,0.5604,264,1955,0.1350383631713555,0.8649616368286445,24.1742,20.7322,23.709397953964192,49,0.61926,0.50512,0.6038467212276215,47,48.0,48,0.21899224806201548,26.14,0,1.223,-0.3166,-0.5596,-0.7717,0.988,0.9411540559217157,90,18.3,Modern (2001+),-0.790422654834538,-0.5133604196760054,-0.7329053342963165,-0.5432194377568564,-0.846031046930055
Ja Morant,22.614,0.554,327,7.571,5.129,31.829,19.977,21.94,0.6445,0.7068,25.05,0.531,22,7.5,4.925,35.725,22.101,22.101,0.6264,0.6264,66,393,0.16793893129770993,0.83206106870229,21.1548,22.101,21.313703816793893,62,0.6818799999999999,0.6264,0.672562748091603,34,48.0,48,0.2930612244897959,24.28,0,2.127,-0.0671,0.7843,-0.9173,0.1464,2.4673268446854246,41,22.7,Modern (2001+),0.5481236003926856,0.09577259709181438,0.9295938693274638,-1.7101871374304645,0.10895040406236657
Kevin McHale,17.869,0.597,971,1.762,3.762,31.015,18.807,26.247,0.5366,0.6537,18.562,0.608,169,1.662,4.369,33.292,19.804,26.921,0.5301,0.6523,507,1478,0.34303112313937756,0.6569688768606224,23.271,24.074199999999998,23.546522598105547,52,0.60686,0.6034200000000001,0.6056799729364005,44,48.0,48,0.2958257713248639,22.68,0,,-0.3323,-0.7697,0.7002,0.2698,1.5072606734656842,72,21.1,Historical (pre-2001),-0.5079791566830008,1.1434813859324617,-0.43334457306716395,0.8889681936607534,-0.2383155781166955
Clyde Drexler,20.535,0.548,1162,5.553,4.406,34.871,20.84,26.896,0.5366,0.6548,19.68,0.517,145,5.767,4.527,37.56,18.448,24.686,0.4397,0.5627,435,1597,0.27238572323105825,0.7276142767689417,24.473599999999998,22.1908,23.851797871008138,48,0.6075200000000001,0.5135,0.581910294301816,51,49.5,51,0.2712785222745382,24.9,0,,0.1387,0.4464,-0.3739,0.6864,2.6954597916556655,38,21.5,Historical (pre-2001),0.08539701831463453,-0.050419326932462386,-0.1984855751329482,0.4646163028703505,-0.15149908257193015
Julius Erving,21.809,0.556,836,3.845,4.555,34.218,21.658,25.134,0.5844,0.6641,21.218,0.535,141,4.236,4.791,37.445,19.947,24.558,0.4908,0.5877,423,1259,0.3359809372517871,0.6640190627482129,23.7436,22.7136,23.39753963463066,54,0.63222,0.54894,0.6042395075456712,46,50.0,52,0.2680577849117175,24.28,0,,0.3471,0.1519,-0.0266,0.7514,2.83804551270559,34,20.9,Historical (pre-2001),0.36895337500892855,0.14450323843323998,0.12460310002163533,0.39389098773861664,-0.2817238258890789
Tim Duncan,18.889,0.549,1392,3.011,4.195,33.879,19.093,25.856,0.5255,0.6125,20.089,0.546,251,3.028,4.606,36.989,20.366,27.641,0.5128,0.6352,753,2145,0.35104895104895106,0.6489510489510489,23.1508,24.730999999999998,23.70552755244755,50,0.5777,0.58624,0.580697958041958,52,51.0,53,0.28897751994198695,23.3,0,2.308,0.0103,-0.549,-0.1812,0.73,1.6515179578346453,68,22.2,Modern (2001+),-0.28095601396072484,-0.02605400626174959,-0.11256667517311446,2.338837153861297,0.00042978463140953843
Yao Ming,18.562,0.594,486,1.55,5.062,31.175,19.244,22.694,0.5823,0.6491,19.65,0.594,28,1.1,5.7,35.35,20.564,20.564,0.5617,0.5617,84,570,0.14736842105263157,0.8526315789473684,21.314,20.564,21.203473684210525,63,0.6223799999999999,0.5617,0.6134376842105262,42,52.5,54,0.390549662487946,21.46,0,-0.076,-0.2493,-1.2627,0.9471,0.1367,1.2382845285879156,82,27.3,Modern (2001+),-0.3537369626569835,1.0703854239203234,-0.20478769493440324,-1.6040991647328637,1.1073401028271717
Elgin Baylor,25.279,0.491,846,3.943,6.221,38.421,21.39,28.628,0.4025,0.5044,25.458,0.448,134,3.783,6.042,38.875,22.078,32.134,0.3843,0.5278,402,1248,0.32211538461538464,0.6778846153846154,25.7328,28.111600000000003,26.499048076923078,35,0.46364,0.47040000000000004,0.4658175,72,53.5,55,0.2815126050420168,32.76,0,,0.4007,-0.1369,-0.392,1.1494,2.4206743054310453,43,24.6,Historical (pre-2001),1.1412772036817693,-1.4392426051630918,1.0153026986272486,0.27012168625808247,0.5213287579000038
Rick Barry,23.07,0.509,794,5.05,4.79,36.2,21.557,27.45,0.4954,0.584,21.314,0.475,74,4.343,4.643,34.029,18.598,23.873,0.4379,0.5197,222,1016,0.21850393700787402,0.7814960629921259,25.092799999999997,21.762999999999998,24.365225590551177,45,0.5485599999999999,0.4869800000000001,0.5351045275590551,62,53.5,55,0.23630981746423285,28.02,0,,0.5673,0.638,-0.3328,1.1856,3.4317222654883413,17,20.8,Historical (pre-2001),0.6496162994920559,-1.0006668330902613,0.14476988338629077,-0.7907580407179249,-0.3034279497752699
Pete Maravich,22.225,0.5,701,4.783,4.742,34.375,20.094,26.535,0.5055,0.5975,20.475,0.484,26,4.225,4.5,31.725,18.015,18.015,0.4498,0.4498,78,779,0.10012836970474968,0.8998716302952503,23.9586,18.015,23.363477021822852,55,0.5607,0.4498,0.5495957637997433,57,56.0,57,0.23998312948123154,27.56,0,,0.5197,0.416,-0.5961,1.3029,3.0092425061327415,28,21.3,Historical (pre-2001),0.4615432057662491,-1.2199547191266764,-0.03147940039439526,-1.6394618222987307,-0.19490733034431282
Klay Thompson,18.546,0.568,929,2.254,1.631,31.1,17.817,22.271,0.5746,0.6817,18.589,0.547,158,2.311,1.733,37.056,16.972,19.392,0.4665,0.5383,474,1403,0.3378474697077691,0.6621525302922309,20.4894,18.424,19.79160983606557,70,0.63886,0.50958,0.5951830791161796,49,59.5,58,0.1057884231536926,21.9,0,1.481,-0.2479,-1.1563,-0.2375,0.4089,0.6922283882545315,94,8.8,Modern (2001+),-0.35729810999380396,0.4368870864817908,-0.4276726652458552,0.6944735770484854,-2.907922816118239
Magic Johnson,19.385,0.609,906,10.923,5.431,36.408,20.119,23.581,0.508,0.5828,19.254,0.584,190,11.6,5.708,39.554,19.061,23.534,0.4439,0.5351,570,1476,0.3861788617886179,0.6138211382113821,22.1962,21.744799999999998,22.021878861788615,58,0.55288,0.49862000000000006,0.5319259349593496,63,60.5,59,0.41431924882629106,21.98,0,,-0.083,2.3059,0.9758,0.2328,5.057524098780027,2,28.0,Historical (pre-2001),-0.17056044651930383,1.4358652339810154,-0.2879756763136062,1.260276098102356,1.2592689700305113
Jimmy Butler,18.337,0.592,1027,4.474,5.637,32.642,16.773,21.368,0.5118,0.6287,18.158,0.548,130,4.192,4.817,35.542,17.469,23.097,0.4628,0.6004,390,1417,0.27522935779816515,0.7247706422018348,19.529999999999998,20.8458,19.89214678899082,69,0.58194,0.5453600000000001,0.5718721100917431,53,61.0,60,0.4524714828897338,22.38,0,2.062,-0.3471,-0.2531,0.3264,0.4209,1.8083865687916028,62,30.7,Modern (2001+),-0.40381559708101533,1.021654782578898,-0.5182131197267554,0.19939637112634864,1.845280314957679
Chris Bosh,19.392,0.569,893,2.046,4.977,35.723,19.483,23.714,0.5309,0.6256,16.85,0.548,89,1.733,4.083,35.817,15.806,16.831,0.4277,0.4492,267,1160,0.23017241379310344,0.7698275862068966,22.0216,16.421,20.732496379310348,67,0.58772,0.4406,0.5538570344827587,56,61.5,61,0.34935205183585316,22.82,0,1.328,0.0759,-0.9543,0.1812,0.5656,1.514667222319304,70,25.7,Modern (2001+),-0.16900244455944555,0.4612524071525036,-0.7929855430701853,-0.5255381089739231,0.7600741206481088
Chris Paul,16.29,0.571,1370,8.933,3.39,32.714,15.377,21.73,0.4549,0.5894,20.173,0.581,149,8.307,3.68,36.82,19.908,25.919,0.5446,0.6957,447,1817,0.24600990643918547,0.7539900935608146,19.1888,23.5146,20.252989653274632,68,0.5356000000000001,0.6352599999999999,0.5601173472757293,55,61.5,61,0.27405696689761355,20.46,0,3.818,-0.5908,1.598,-0.064,0.3763,3.1744640754091935,24,20.8,Modern (2001+),-0.8594198844854263,0.5099830484939292,-0.09492073972904105,0.5353416180020842,-0.3034279497752699
James Worthy,17.717,0.557,926,3.067,2.667,32.6,17.449,21.521,0.4828,0.5503,20.822,0.564,143,3.144,3.111,36.8,21.628,25.308,0.5337,0.6158,429,1355,0.3166051660516605,0.6833948339483396,19.892200000000003,23.836,21.140827453874543,64,0.5233,0.5829599999999999,0.542188664206642,60,62.0,63,0.18539976825028967,20.58,0,,-0.3333,-0.3405,-0.1851,0.007,1.4286740149584256,75,15.1,Historical (pre-2001),-0.5418100563827912,0.16886855910395276,0.041415118642431616,0.42925364530448357,-1.5405630112881803
Kevin Garnett,16.165,0.539,1509,3.374,2.913,32.213,16.167,25.027,0.4461,0.5939,18.507,0.52,143,3.9,3.486,38.486,17.941,24.438,0.4287,0.5395,429,1938,0.22136222910216719,0.7786377708978328,21.483,21.839199999999998,21.561849226006192,60,0.53478,0.49518,0.5260140557275542,65,62.5,64,0.2201774564574433,22.94,0,1.856,-0.3658,-0.3719,-0.3611,0.6359,1.2890550965328047,81,18.0,Modern (2001+),-0.8872413480543327,-0.2697072129688775,-0.4448984593698311,0.42925364530448357,-0.9111434185886295
Dwight Howard,15.389,0.609,1242,1.289,4.183,31.1,15.12,22.172,0.4655,0.5909,15.892,0.59,125,1.217,4.45,32.983,15.834,24.12,0.4447,0.6154,375,1617,0.23191094619666047,0.7680890538033396,19.3512,20.8056,19.688491280148423,71,0.54074,0.5471199999999999,0.5422195918367347,59,65.0,65,0.4403508771929825,20.62,0,0.041,-0.6271,-1.302,0.9466,0.3929,0.7724420669753322,92,27.2,Modern (2001+),-1.0599569938901034,1.4358652339810154,-0.9942332353966428,0.11098972721168136,1.08563597894098
Elvin Hayes,20.95,0.492,1303,1.844,4.1,38.362,18.448,24.765,0.4047,0.4961,22.23,0.493,96,1.83,4.39,44.08,19.936,24.729,0.389,0.4547,288,1591,0.18101822752985544,0.8189817724701446,22.2382,22.811799999999998,22.342032055311126,56,0.45954,0.42842,0.4539067127592709,75,65.5,66,0.22035606315082296,26.7,0,,0.283,-1.0879,-0.975,1.1482,0.9946865731817809,87,19.6,Historical (pre-2001),0.17776427736340353,-1.414877284492379,0.33719460799071116,-0.40176880749338884,-0.5638774364095666
Bob Pettit,26.182,0.509,792,2.964,7.773,38.573,22.094,24.989,0.4152,0.4451,24.433,0.495,88,2.622,7.811,39.022,19.899,24.827,0.3505,0.4119,264,1056,0.25,0.75,23.831,22.855800000000002,23.5872,51,0.43313999999999997,0.38733999999999996,0.42169,80,65.5,66,0.3667953667953668,28.8,0,,0.6761,-0.3847,0.5227,0.9881,2.9974695877036956,29,29.7,Historical (pre-2001),1.3422594565035488,-1.0006668330902613,0.7999802720775429,-0.5432194377568564,1.628239076095765
Gary Payton,16.753,0.52,1415,6.868,2.521,35.768,16.588,24.382,0.4077,0.5554,14.48,0.46,154,5.547,1.993,35.613,13.68,24.863,0.3168,0.5273,462,1877,0.24613745338305806,0.753862546616942,21.264400000000002,20.3898,21.04912818327118,65,0.49632,0.44310000000000005,0.48322056473095365,69,67.0,68,0.17462632154575283,22.58,0,1.194,-0.4426,0.9681,-0.8086,0.6289,2.3015624379192365,48,15.0,Modern (2001+),-0.7563691834261969,-0.7326483057124207,-1.2908530073851159,0.6237482619167516,-1.5622671351743715
Nate Archibald,18.231,0.539,876,7.262,5.146,35.038,16.858,27.153,0.3914,0.5467,14.04,0.498,47,6.46,4.12,34.38,10.722,10.722,0.2737,0.2737,141,1017,0.13864306784660768,0.8613569321533923,23.035,10.722,21.32788790560472,61,0.48458,0.2737,0.45534294985250734,74,67.5,69,0.3661740558292283,26.8,0,,-0.172,1.5025,0.0915,1.1393,3.6859001753911738,15,28.2,Historical (pre-2001),-0.4274081981874475,-0.2697072129688775,-1.3832840978064533,-1.2681539178571282,1.302677217802894
Tony Parker,15.372,0.542,1254,5.589,2.683,30.128,14.425,19.755,0.4566,0.5862,17.506,0.512,226,4.924,3.006,33.118,16.22,22.707,0.4647,0.6214,678,1932,0.35093167701863354,0.6490683229813665,17.623,20.1122,18.496539130434783,79,0.5343600000000001,0.55872,0.542908695652174,58,68.5,70,0.2147621164962205,19.72,0,1.176,-0.5189,0.4662,-0.4135,0.1942,1.908703549491173,59,17.5,Modern (2001+),-1.0637407129354746,-0.19661125095673915,-0.6551791900783737,1.8968039342879603,-1.0196640380195865
John Havlicek,20.75,0.491,1270,4.8,4.212,36.5,17.57,24.016,0.382,0.4541,21.477,0.491,172,4.623,4.985,39.0,18.521,25.36,0.3699,0.4768,516,1786,0.2889137737961926,0.7110862262038073,21.437599999999996,22.6244,21.78048286674132,59,0.42525999999999997,0.43404,0.4277966629339305,79,69.0,71,0.22377158034528555,25.4,0,,0.1181,0.1843,-0.5905,0.9109,2.2949979902558986,49,20.3,Historical (pre-2001),0.13324993565315346,-1.4392426051630918,0.1790114009741953,0.9420121800095538,-0.4119485692062269
Isiah Thomas,19.008,0.514,979,9.185,4.069,36.077,16.968,20.035,0.4298,0.4959,20.489,0.515,111,9.333,4.889,38.389,18.792,22.699,0.4463,0.5324,333,1312,0.2538109756097561,0.7461890243902439,18.8082,21.136200000000002,19.39907195121951,76,0.46946,0.49796,0.4766936128048781,71,73.5,72,0.252868068833652,21.38,0,,-0.1744,1.6193,-1.2259,0.2289,3.016627767245068,27,21.4,Historical (pre-2001),-0.25446998064312604,-0.8788402297366974,-0.028538411153716484,-0.136548875749387,-0.17320320645812187
Paul Arizin,22.79,0.506,713,2.33,7.04,38.511,19.051,21.949,0.3906,0.4421,21.862,0.501,49,2.438,6.962,35.957,18.147,22.427,0.3552,0.4179,147,860,0.17093023255813952,0.8290697674418605,20.7898,20.715,20.77701441860465,66,0.4215,0.39281999999999995,0.41659772093023256,81,73.5,72,0.37727759914255093,24.96,0,,0.4485,-0.6099,0.6069,0.9256,2.550837860391058,40,30.9,Historical (pre-2001),0.5872962210977054,-1.0737627951023998,0.259888605092865,-1.2327912602912612,1.8886885627300618
Pau Gasol,15.514,0.552,1322,2.995,3.523,30.945,15.073,20.175,0.4434,0.5481,15.217,0.546,136,3.317,3.158,34.008,14.165,19.794,0.394,0.5123,408,1730,0.23583815028901733,0.7641618497109827,18.1342,17.5424,17.99463098265896,82,0.50622,0.46498,0.4964940346820809,66,74.0,74,0.3019088430074017,19.6,0,0.871,-0.4576,-0.5803,-0.0635,0.1191,1.116076472862451,86,22.7,Modern (2001+),-1.032135530321197,0.047041955750388796,-1.136030930929376,0.30548434382394934,0.10895040406236657
Dave Bing,20.3,0.501,901,6.008,4.908,36.375,17.478,22.294,0.3927,0.4681,16.16,0.473,31,5.02,3.16,33.68,13.03,13.03,0.3352,0.3352,93,994,0.09356136820925554,0.9064386317907445,20.367600000000003,13.03,19.68108410462777,72,0.43794,0.3352,0.4283275050301811,78,75.0,75,0.280743565300286,24.6,0,,0.1302,0.7278,-0.4967,0.7614,2.904196769612892,33,24.2,Historical (pre-2001),0.03309266680509067,-1.1955893984559638,-0.9379342985036463,-1.5510551783840634,0.4345122623552377
Scottie Pippen,15.524,0.528,1178,5.106,2.576,34.224,14.899,21.735,0.3849,0.5254,16.631,0.52,208,4.769,3.412,37.575,15.428,20.325,0.3702,0.475,624,1802,0.3462819089900111,0.6537180910099889,19.0006,18.3662,18.780918756936735,77,0.46919999999999995,0.43307999999999996,0.45669229744728074,73,75.0,75,0.19900045433893682,20.8,0,-0.195,-0.6064,0.2777,-0.6255,0.2625,1.5005138296623997,73,16.6,Modern (2001+),-1.0299098132356845,-0.5377257403467183,-0.8389910176208057,1.5785400161951582,-1.2150011529953089
Steve Nash,13.517,0.589,1217,8.161,2.367,30.606,13.855,19.39,0.4156,0.5404,14.942,0.535,120,7.567,2.8,32.4,14.932,21.862,0.4071,0.5418,360,1577,0.22828154724159797,0.771718452758402,17.176000000000002,19.09,17.612930881420418,84,0.49048,0.48792,0.48989559923906156,68,76.0,77,0.23329682365826945,17.98,0,4.588,-0.8366,1.5019,0.9279,-0.3459,3.3184659151248717,20,17.5,Modern (2001+),-1.4766112322980454,0.9485588205667594,-1.1938003624427118,0.022583083297014084,-1.0196640380195865
Billy Cunningham,20.233,0.499,654,4.122,5.033,34.033,17.125,20.806,0.4031,0.4494,20.083,0.474,39,3.35,4.617,32.667,17.963,21.194,0.4077,0.4725,117,771,0.1517509727626459,0.8482490272373541,19.3336,19.9016,19.419794552529183,75,0.43088000000000004,0.44658,0.4332624902723735,77,76.0,77,0.29415584415584417,23.34,0,,-0.0131,-0.1733,-0.4174,0.5051,1.860549343866771,60,24.9,Historical (pre-2001),0.018180362332156808,-1.2443200397973893,-0.11382709913340547,-1.4096045481205959,0.5864411295585774
Earl Monroe,17.893,0.51,989,3.613,3.7,30.547,15.456,21.153,0.4164,0.4918,18.5,0.48,82,3.138,4.488,33.612,15.392,20.116,0.3526,0.4232,246,1235,0.19919028340080971,0.8008097165991903,18.8742,18.226399999999998,18.745164534412954,78,0.46164000000000005,0.39496,0.44835799190283404,76,77.0,79,0.2384020618556701,23.32,0,,-0.2193,-0.3559,-0.2934,0.5626,1.5097151624017404,71,20.7,Historical (pre-2001),-0.5026374356777705,-0.9763015124195485,-0.44636895399017085,-0.6493074104544572,-0.3251320736614616
Manu Ginobili,13.15,0.581,1057,3.781,3.131,25.138,12.373,17.282,0.4681,0.5856,13.773,0.567,218,3.787,3.74,27.473,12.998,19.765,0.4377,0.5694,654,1711,0.38223261250730567,0.6177673874926943,15.3184,17.0582,15.98340829924021,91,0.5386,0.5167200000000001,0.5302367504383402,64,77.5,80,0.32659713168187743,17.18,0,2.399,-0.9076,-0.2673,0.4927,-0.3019,1.2051959645214099,83,23.8,Modern (2001+),-1.5582950493363543,0.7536362552010571,-1.439372964039401,1.7553533040244926,0.3476957668104724
Robert Parish,14.21,0.564,1611,1.343,2.5,27.914,13.557,19.125,0.4273,0.5501,13.975,0.523,184,1.238,2.588,31.388,12.781,17.883,0.353,0.4816,552,2163,0.2552011095700416,0.7447988904299584,16.8978,15.8422,16.628409708737863,85,0.50098,0.43016,0.48290665742024963,70,77.5,80,0.22875816993464052,19.14,0,,-0.758,-0.9947,0.0945,-0.0503,0.4306055034684737,97,17.6,Historical (pre-2001),-1.3223690382720281,0.3394258037989396,-1.3969386907096053,1.1541881254047552,-0.9979599141333948
George Mikan,22.443,0.479,439,2.757,6.743,32.9,18.396,20.844,0.4045,0.4045,22.914,0.487,70,2.1,7.386,33.425,17.788,19.944,0.4091,0.4091,210,649,0.3235747303543914,0.6764252696456086,19.864800000000002,19.081599999999998,19.61137627118644,73,0.4045,0.4091,0.40598844375963017,84,78.5,82,0.34604105571847504,25.7,0,,0.3903,-0.4392,-0.1578,0.8998,2.223676144313798,52,30.0,Historical (pre-2001),0.5100638382304218,-1.7316264532116452,0.48088293946388116,-0.8614833558496587,1.6933514477543394
Walt Frazier,17.092,0.525,825,5.562,3.585,34.362,15.352,20.693,0.3556,0.4159,20.212,0.556,93,6.425,4.15,41.025,19.894,24.243,0.381,0.4574,279,1104,0.25271739130434784,0.7472826086956521,18.556600000000003,22.5034,19.554025000000003,74,0.39178,0.42684,0.4006402717391304,85,79.5,83,0.25674931129476586,21.68,0,,-0.4156,0.5716,0.0837,0.3215,2.420994408924395,42,21.0,Historical (pre-2001),-0.6809173742273231,-0.6108217023588567,-0.08672798398714948,-0.4548127938421892,-0.2600197020028872
Sam Jones,17.4,0.499,871,2.508,3.258,27.475,13.818,19.182,0.3556,0.4486,18.375,0.5,154,2.242,3.925,29.308,15.06,22.698,0.3538,0.4628,462,1333,0.34658664666166544,0.6534133533383346,17.0364,19.6428,17.939743435858965,83,0.4114,0.4192,0.414103375843961,82,82.5,84,0.20976394849785407,22.5,0,,-0.5882,-0.6882,-0.0183,0.1002,0.8803647050382719,91,18.7,Historical (pre-2001),-0.6123652879935378,-1.2443200397973893,-0.47262778649623255,0.6237482619167516,-0.7592145513852897
Willis Reed,17.59,0.516,650,1.82,3.53,34.47,14.822,19.186,0.3345,0.4121,18.543,0.511,78,1.829,3.243,34.029,17.24,21.78,0.3781,0.461,234,884,0.2647058823529412,0.7352941176470589,17.4404,19.964,18.10841176470588,81,0.38106,0.42784,0.3934429411764706,87,84.0,85,0.23707186030893215,21.08,0,,-0.4857,-1.1907,0.0379,-0.035,0.5167885212409324,96,20.1,Historical (pre-2001),-0.5700766633687998,-0.8301095883952718,-0.43733591560808577,-0.720032725586191,-0.4553568169786096
Hal Greer,18.647,0.501,1122,3.973,3.933,34.86,15.15,20.295,0.3176,0.4099,17.715,0.487,92,3.962,4.277,36.277,15.071,21.002,0.2881,0.3695,276,1398,0.19742489270386265,0.8025751072961373,18.237000000000002,18.6296,18.314509012875536,80,0.37298,0.33694,0.3658648068669528,90,85.0,86,0.2410130718954248,23.2,0,,-0.3887,-0.1628,-0.1047,0.3606,1.6056651341266788,69,21.1,Historical (pre-2001),-0.3348183674301278,-1.1955893984559638,-0.6112744221282385,-0.4724941226251227,-0.2383155781166955
John Stockton,13.058,0.604,1504,10.437,3.184,31.668,13.162,17.122,0.3705,0.4275,13.574,0.572,182,10.063,3.395,35.026,13.048,21.519,0.3321,0.4713,546,2050,0.26634146341463416,0.7336585365853658,15.538,18.1306,16.22851687804878,87,0.4047,0.41562,0.4076084487804878,83,85.0,86,0.351335656213705,16.48,0,3.2,-0.9526,2.105,1.0664,-0.4544,3.866581013619323,13,24.4,Modern (2001+),-1.5787716465230694,1.3140386306274514,-1.4811770253890513,1.1188254678388883,0.4779205101276203
Dolph Schayes,17.733,0.48,996,3.027,6.44,33.123,13.112,17.673,0.3018,0.3588,19.407,0.495,97,2.421,7.329,34.317,15.08,21.902,0.3355,0.4456,291,1287,0.2261072261072261,0.7738927738927739,15.848599999999998,19.1732,16.60031608391608,86,0.336,0.40156000000000003,0.3508235897435898,91,88.5,88,0.43202146690518783,22.96,0,,-0.375,-0.2704,-0.1424,0.3056,1.4890242718852318,74,36.3,Historical (pre-2001),-0.5382489090459708,-1.7072611325409324,-0.25583486532618693,-0.3840874787104554,3.0607112525843974
Bob Cousy,17.286,0.458,924,7.114,4.736,33.315,12.438,16.329,0.2902,0.3912,19.946,0.438,109,8.162,6.815,39.95,14.804,22.778,0.316,0.4838,327,1251,0.26139088729016785,0.7386091127098322,14.7726,19.5884,16.031406235011993,90,0.3508,0.41668,0.36802043165467624,89,89.5,89,0.2824882829143588,20.66,0,,-0.2408,1.5291,-1.1502,0.6249,2.9094728297051016,32,27.4,Historical (pre-2001),-0.6377384627683798,-2.2432981872966127,-0.14260677956004847,-0.17191153331525394,1.1290442267133627
Bill Sharman,17.5,0.495,711,2.864,4.336,31.91,13.303,16.016,0.3472,0.3771,17.94,0.516,78,3.15,4.6,33.39,14.53,16.991,0.363,0.4539,234,945,0.24761904761904763,0.7523809523809524,14.9308,16.0066,15.19718857142857,92,0.36514,0.41754,0.37811523809523806,88,90.0,90,0.2799295774647887,20.6,0,,-0.588,-0.3904,0.418,0.0158,1.4235609648623149,77,24.8,Historical (pre-2001),-0.5901081171384124,-1.3417813224802404,-0.5640085236173271,-0.720032725586191,0.5647370056723865
Dave Cowens,17.145,0.495,766,3.782,2.582,37.909,14.37,17.08,0.3235,0.3628,18.286,0.481,89,3.643,2.286,41.757,15.376,17.172,0.3112,0.3331,267,1033,0.2584704743465634,0.7415295256534367,15.995999999999999,16.4536,16.114276089060986,89,0.34708000000000006,0.32434,0.34120238141335923,92,90.5,91,0.16284403669724767,19.54,0,,-0.3011,-0.1185,-0.791,0.0898,1.3525838338039593,78,15.1,Historical (pre-2001),-0.6691210736741066,-1.3417813224802404,-0.4913240752405482,-0.5255381089739231,-1.5405630112881803
Bill Walton,12.7,0.54,468,3.25,2.26,27.34,11.155,14.707,0.3552,0.4394,10.5,0.56,49,2.5,1.55,22.725,9.955,9.955,0.366,0.366,147,615,0.23902439024390243,0.7609756097560976,13.2862,9.955,12.489961951219513,97,0.40571999999999997,0.366,0.39622595121951215,86,91.5,92,0.22244094488188978,16.32,0,,-0.9112,-0.1664,-0.1129,-0.2857,0.9623673823881687,89,17.8,Historical (pre-2001),-1.6584523181844175,-0.24534189229816475,-2.1269342343781212,-1.2327912602912612,-0.9545516663610121
Jerry Lucas,16.231,0.543,896,3.131,3.0,37.7,14.104,18.302,0.2849,0.3394,14.275,0.476,72,2.762,2.488,36.275,11.798,16.206,0.227,0.298,216,1112,0.19424460431654678,0.8057553956834532,16.622799999999998,14.442799999999998,16.199346762589926,88,0.3176,0.2696,0.30827625899280575,95,91.5,92,0.227140361094933,20.38,0,,-0.678,-0.6088,0.599,-0.1772,1.1917514996840533,84,18.5,Historical (pre-2001),-0.8725516152899496,-0.17224593028602636,-1.333917492695057,-0.8261206982837918,-0.8026227991576724
Lenny Wilkens,16.467,0.507,1077,6.613,4.94,35.54,12.88,17.22,0.2766,0.3534,16.429,0.478,64,5.843,5.157,37.8,11.773,13.041,0.2327,0.2591,192,1269,0.15130023640661938,0.8486997635933806,15.484,12.5338,15.037634042553192,93,0.32267999999999997,0.24853999999999998,0.3114626004728132,94,93.5,94,0.3677419354838709,20.18,0,,-0.5833,0.8642,-0.0868,-0.0321,2.4100018766633347,44,30.0,Historical (pre-2001),-0.820024692071855,-1.049397474431687,-0.8814252909506018,-0.9675713285472595,1.6933514477543394
Jason Kidd,12.235,0.508,1526,8.826,2.161,35.974,10.393,15.572,0.2676,0.3731,12.429,0.478,158,8.182,2.088,39.153,10.381,15.834,0.2416,0.3514,474,2000,0.237,0.763,13.500399999999999,13.6528,13.5365188,95,0.33089999999999997,0.30748,0.32534946,93,94.0,95,0.19864108713029574,16.92,0,1.208,-1.0854,1.6677,-1.1864,-0.3075,2.007780145638491,57,17.7,Modern (2001+),-1.7619481626607492,-1.0250321537609741,-1.7217079311445767,0.6944735770484854,-0.9762557902472038
Nate Thurmond,13.75,0.462,1042,2.544,3.25,34.981,10.296,16.868,0.2181,0.3113,12.256,0.452,81,2.8,2.5,33.278,10.105,13.534,0.2018,0.2497,243,1285,0.18910505836575875,0.8108949416342413,14.2392,12.162400000000002,13.846466614785992,94,0.27402,0.23054000000000002,0.26579771206225683,98,96.0,96,0.2605210420841683,21.06,0,,-0.7757,-0.8744,-1.2599,0.0517,-0.22708165903066968,100,23.6,Historical (pre-2001),-1.4247520242056038,-2.1458369046137613,-1.7580501553329662,-0.6669887392373907,0.3042875190380897
Dave DeBusschere,15.679,0.471,951,2.729,2.914,35.214,11.521,13.407,0.254,0.2865,16.538,0.456,96,2.512,3.375,39.062,11.99,13.2,0.241,0.262,288,1239,0.2324455205811138,0.7675544794188862,12.6526,12.716,12.667337046004842,96,0.27349999999999997,0.2536,0.2688743341404358,97,96.5,97,0.19729206963249515,17.46,0,,-0.7786,-0.7862,-0.9968,-0.4967,-0.018271729127462333,98,18.6,Historical (pre-2001),-0.9954111984102405,-1.9265490185773475,-0.8585275890053156,-0.40176880749338884,-0.7809186752714806
Draymond Green,8.607,0.534,942,5.771,1.379,28.721,6.428,9.074,0.2218,0.2893,11.05,0.543,169,5.57,2.13,33.42,8.691,11.338,0.2612,0.3162,507,1449,0.3498964803312629,0.650103519668737,8.0156,10.2792,8.807625672877846,100,0.2623,0.29419999999999996,0.27346169772256723,96,98.0,98,0.19377510040160645,11.18,0,-0.548,-1.7927,0.2577,-1.0348,-1.0233,-0.18385440835946198,99,16.0,Modern (2001+),-2.569438321284688,-0.3915338163224415,-2.0113953713514494,0.8889681936607534,-1.3452258963124575
Wes Unseld,10.638,0.535,984,3.854,1.877,36.269,8.556,11.175,0.2,0.2468,10.7,0.519,119,3.667,2.0,41.658,8.457,10.775,0.1722,0.2138,357,1341,0.2662192393736018,0.7337807606263982,10.1274,9.8478,10.052965100671141,99,0.22808,0.19715999999999997,0.21984850111856824,100,99.5,99,0.21746880570409982,13.92,0,,-1.303,-0.1225,0.1919,-0.9351,0.6947595368378123,93,17.6,Historical (pre-2001),-2.117395181217097,-0.3671684956517287,-2.0849201023684225,0.004901754514080629,-0.9979599141333948
Bill Russell,15.115,0.471,963,4.162,3.269,42.062,10.322,12.641,0.1789,0.2094,16.1,0.466,165,4.554,4.054,45.077,11.399,15.369,0.1833,0.2377,495,1458,0.3395061728395062,0.6604938271604939,11.7134,13.780999999999999,12.415362962962963,98,0.1972,0.21594,0.20356234567901235,101,99.5,99,0.24257990867579912,17.5,0,,-1.0494,0.0576,-0.7182,-0.4621,0.6793046532548996,95,21.6,Historical (pre-2001),-1.120941642033146,-1.9265490185773475,-0.9505385381065556,0.8182428785290196,-0.12979495868573845
Dennis Rodman,6.714,0.525,911,1.736,1.136,31.743,5.518,8.259,0.1704,0.2786,6.664,0.515,169,1.191,1.045,29.318,5.222,6.293,0.172,0.225,507,1418,0.35754583921015515,0.6424541607898449,7.162599999999999,5.8646,6.6985055007052186,101,0.23532,0.2038,0.2240501551480959,99,100.0,101,0.21115537848605578,9.48,0,,-1.8301,-0.8331,-0.725,-1.4575,-1.1747799603460813,101,16.9,Historical (pre-2001),-2.9907665655722058,-0.6108217023588567,-2.9327652863241434,0.8889681936607534,-1.149888781336735
